Passenger_Group,Group_Size
3,2
3,2
6,2
6,2
8,3
8,3
8,3
17,2
17,2
20,6
20,6
20,6
20,6
20,6
20,6
31,3
31,3
31,3
44,3
44,3
44,3
45,2
45,2
56,3
56,3
56,3
64,2
64,2
67,3
67,3
67,3
82,3
82,3
82,3
91,2
91,2
92,3
92,3
92,3
98,2
98,2
99,2
99,2
103,3
103,3
103,3
108,3
108,3
108,3
110,4
110,4
110,4
110,4
119,2
119,2
128,2
128,2
133,2
133,2
138,2
138,2
140,2
140,2
163,2
163,2
164,2
164,2
167,2
167,2
179,3
179,3
179,3
192,3
192,3
192,3
193,3
193,3
193,3
201,2
201,2
202,2
202,2
211,3
211,3
211,3
212,2
212,2
220,7
220,7
220,7
220,7
220,7
220,7
220,7
221,7
221,7
221,7
221,7
221,7
221,7
221,7
222,3
222,3
222,3
244,2
244,2
245,2
245,2
257,2
257,2
278,2
278,2
283,2
283,2
285,2
285,2
287,2
287,2
290,4
290,4
290,4
290,4
313,4
313,4
313,4
313,4
316,2
316,2
320,2
320,2
330,3
330,3
330,3
337,3
337,3
337,3
348,2
348,2
358,2
358,2
368,2
368,2
378,7
378,7
378,7
378,7
378,7
378,7
378,7
381,2
381,2
383,2
383,2
384,2
384,2
395,2
395,2
401,2
401,2
407,3
407,3
407,3
417,3
417,3
417,3
425,3
425,3
425,3
429,2
429,2
433,2
433,2
436,2
436,2
437,2
437,2
444,2
444,2
445,2
445,2
448,2
448,2
453,3
453,3
453,3
454,3
454,3
454,3
457,3
457,3
457,3
461,3
461,3
461,3
463,2
463,2
465,2
465,2
470,2
470,2
471,2
471,2
476,3
476,3
476,3
482,2
482,2
498,2
498,2
499,2
499,2
503,3
503,3
503,3
504,6
504,6
504,6
504,6
504,6
504,6
512,2
512,2
527,2
527,2
531,2
531,2
534,2
534,2
539,5
539,5
539,5
539,5
539,5
540,2
540,2
549,2
549,2
553,2
553,2
555,2
555,2
560,3
560,3
560,3
564,3
564,3
564,3
568,2
568,2
571,7
571,7
571,7
571,7
571,7
571,7
571,7
579,2
579,2
583,3
583,3
583,3
585,3
585,3
585,3
594,2
594,2
597,2
597,2
599,4
599,4
599,4
599,4
602,3
602,3
602,3
607,3
607,3
607,3
615,3
615,3
615,3
618,2
618,2
619,2
619,2
635,2
635,2
636,2
636,2
642,5
642,5
642,5
642,5
642,5
647,3
647,3
647,3
657,2
657,2
665,2
665,2
680,3
680,3
680,3
684,3
684,3
684,3
686,2
686,2
691,3
691,3
691,3
693,2
693,2
699,2
699,2
709,3
709,3
709,3
712,2
712,2
714,7
714,7
714,7
714,7
714,7
714,7
714,7
740,3
740,3
740,3
753,3
753,3
753,3
756,3
756,3
756,3
765,2
765,2
768,2
768,2
770,6
770,6
770,6
770,6
770,6
770,6
772,4
772,4
772,4
772,4
789,3
789,3
789,3
794,2
794,2
806,2
806,2
809,4
809,4
809,4
809,4
811,3
811,3
811,3
820,2
820,2
823,2
823,2
828,2
828,2
848,2
848,2
849,2
849,2
863,3
863,3
863,3
865,2
865,2
885,2
885,2
889,2
889,2
899,2
899,2
907,2
907,2
911,2
911,2
922,2
922,2
923,2
923,2
925,3
925,3
925,3
926,2
926,2
930,2
930,2
933,2
933,2
938,3
938,3
938,3
944,2
944,2
964,2
964,2
982,2
982,2
984,8
984,8
984,8
984,8
984,8
984,8
984,8
984,8
988,2
988,2
992,6
992,6
992,6
992,6
992,6
992,6
994,2
994,2
1002,3
1002,3
1002,3
1006,3
1006,3
1006,3
1008,2
1008,2
1011,2
1011,2
1024,4
1024,4
1024,4
1024,4
1027,4
1027,4
1027,4
1027,4
1045,2
1045,2
1049,2
1049,2
1056,2
1056,2
1063,2
1063,2
1075,2
1075,2
1083,3
1083,3
1083,3
1086,5
1086,5
1086,5
1086,5
1086,5
1089,2
1089,2
1100,4
1100,4
1100,4
1100,4
1108,2
1108,2
1110,2
1110,2
1114,2
1114,2
1116,3
1116,3
1116,3
1130,2
1130,2
1140,3
1140,3
1140,3
1144,3
1144,3
1144,3
1148,7
1148,7
1148,7
1148,7
1148,7
1148,7
1148,7
1149,5
1149,5
1149,5
1149,5
1149,5
1154,3
1154,3
1154,3
1155,2
1155,2
1156,2
1156,2
1161,2
1161,2
1165,4
1165,4
1165,4
1165,4
1182,3
1182,3
1182,3
1186,5
1186,5
1186,5
1186,5
1186,5
1187,3
1187,3
1187,3
1193,2
1193,2
1210,2
1210,2
1211,7
1211,7
1211,7
1211,7
1211,7
1211,7
1211,7
1221,2
1221,2
1228,2
1228,2
1232,2
1232,2
1238,2
1238,2
1243,2
1243,2
1254,2
1254,2
1255,2
1255,2
1287,3
1287,3
1287,3
1289,2
1289,2
1292,2
1292,2
1294,3
1294,3
1294,3
1304,6
1304,6
1304,6
1304,6
1304,6
1304,6
1306,2
1306,2
1308,4
1308,4
1308,4
1308,4
1311,3
1311,3
1311,3
1316,2
1316,2
1324,3
1324,3
1324,3
1325,3
1325,3
1325,3
1326,2
1326,2
1330,2
1330,2
1348,2
1348,2
1350,4
1350,4
1350,4
1350,4
1353,4
1353,4
1353,4
1353,4
1365,2
1365,2
1375,2
1375,2
1378,2
1378,2
1384,5
1384,5
1384,5
1384,5
1384,5
1391,3
1391,3
1391,3
1393,2
1393,2
1402,2
1402,2
1404,2
1404,2
1407,2
1407,2
1421,2
1421,2
1423,3
1423,3
1423,3
1424,5
1424,5
1424,5
1424,5
1424,5
1425,3
1425,3
1425,3
1427,2
1427,2
1434,3
1434,3
1434,3
1439,2
1439,2
1450,2
1450,2
1451,2
1451,2
1452,5
1452,5
1452,5
1452,5
1452,5
1453,2
1453,2
1455,5
1455,5
1455,5
1455,5
1455,5
1460,2
1460,2
1478,2
1478,2
1491,3
1491,3
1491,3
1500,7
1500,7
1500,7
1500,7
1500,7
1500,7
1500,7
1503,2
1503,2
1507,4
1507,4
1507,4
1507,4
1511,4
1511,4
1511,4
1511,4
1523,2
1523,2
1527,2
1527,2
1529,2
1529,2
1540,3
1540,3
1540,3
1548,2
1548,2
1550,2
1550,2
1568,2
1568,2
1572,2
1572,2
1580,2
1580,2
1581,2
1581,2
1584,2
1584,2
1588,2
1588,2
1590,2
1590,2
1592,2
1592,2
1599,2
1599,2
1603,3
1603,3
1603,3
1612,2
1612,2
1615,3
1615,3
1615,3
1621,2
1621,2
1624,3
1624,3
1624,3
1625,2
1625,2
1630,3
1630,3
1630,3
1633,2
1633,2
1651,3
1651,3
1651,3
1655,2
1655,2
1661,4
1661,4
1661,4
1661,4
1669,3
1669,3
1669,3
1670,2
1670,2
1685,3
1685,3
1685,3
1688,3
1688,3
1688,3
1700,2
1700,2
1704,2
1704,2
1709,7
1709,7
1709,7
1709,7
1709,7
1709,7
1709,7
1712,2
1712,2
1717,2
1717,2
1727,2
1727,2
1731,2
1731,2
1738,2
1738,2
1748,3
1748,3
1748,3
1762,2
1762,2
1764,2
1764,2
1767,4
1767,4
1767,4
1767,4
1782,2
1782,2
1783,2
1783,2
1800,5
1800,5
1800,5
1800,5
1800,5
1811,2
1811,2
1816,2
1816,2
1829,6
1829,6
1829,6
1829,6
1829,6
1829,6
1844,3
1844,3
1844,3
1850,2
1850,2
1855,2
1855,2
1860,2
1860,2
1861,2
1861,2
1865,6
1865,6
1865,6
1865,6
1865,6
1865,6
1874,2
1874,2
1882,2
1882,2
1889,2
1889,2
1892,3
1892,3
1892,3
1897,2
1897,2
1901,2
1901,2
1916,2
1916,2
1918,3
1918,3
1918,3
1923,2
1923,2
1939,2
1939,2
1956,2
1956,2
1959,3
1959,3
1959,3
1960,2
1960,2
1962,3
1962,3
1962,3
1976,7
1976,7
1976,7
1976,7
1976,7
1976,7
1976,7
1980,3
1980,3
1980,3
1991,2
1991,2
2006,3
2006,3
2006,3
2009,3
2009,3
2009,3
2019,2
2019,2
2024,2
2024,2
2026,3
2026,3
2026,3
2040,2
2040,2
2055,6
2055,6
2055,6
2055,6
2055,6
2055,6
2056,4
2056,4
2056,4
2056,4
2067,2
2067,2
2071,2
2071,2
2074,2
2074,2
2084,2
2084,2
2086,2
2086,2
2088,2
2088,2
2092,5
2092,5
2092,5
2092,5
2092,5
2096,2
2096,2
2104,2
2104,2
2123,2
2123,2
2133,2
2133,2
2135,2
2135,2
2137,3
2137,3
2137,3
2143,2
2143,2
2162,2
2162,2
2168,2
2168,2
2171,2
2171,2
2183,2
2183,2
2196,4
2196,4
2196,4
2196,4
2215,4
2215,4
2215,4
2215,4
2232,2
2232,2
2234,7
2234,7
2234,7
2234,7
2234,7
2234,7
2234,7
2237,2
2237,2
2251,2
2251,2
2255,2
2255,2
2257,2
2257,2
2272,3
2272,3
2272,3
2274,2
2274,2
2291,3
2291,3
2291,3
2295,2
2295,2
2300,2
2300,2
2301,3
2301,3
2301,3
2306,6
2306,6
2306,6
2306,6
2306,6
2306,6
2308,4
2308,4
2308,4
2308,4
2310,4
2310,4
2310,4
2310,4
2336,2
2336,2
2338,2
2338,2
2347,7
2347,7
2347,7
2347,7
2347,7
2347,7
2347,7
2353,2
2353,2
2356,3
2356,3
2356,3
2361,2
2361,2
2384,7
2384,7
2384,7
2384,7
2384,7
2384,7
2384,7
2396,2
2396,2
2404,4
2404,4
2404,4
2404,4
2409,2
2409,2
2426,2
2426,2
2449,3
2449,3
2449,3
2470,2
2470,2
2477,2
2477,2
2486,2
2486,2
2503,2
2503,2
2505,2
2505,2
2506,3
2506,3
2506,3
2508,2
2508,2
2512,2
2512,2
2515,2
2515,2
2518,2
2518,2
2532,2
2532,2
2534,2
2534,2
2544,2
2544,2
2547,2
2547,2
2549,3
2549,3
2549,3
2552,3
2552,3
2552,3
2555,2
2555,2
2558,4
2558,4
2558,4
2558,4
2560,3
2560,3
2560,3
2562,2
2562,2
2565,2
2565,2
2572,2
2572,2
2581,2
2581,2
2589,5
2589,5
2589,5
2589,5
2589,5
2590,3
2590,3
2590,3
2591,2
2591,2
2592,2
2592,2
2595,4
2595,4
2595,4
2595,4
2596,2
2596,2
2597,2
2597,2
2602,3
2602,3
2602,3
2606,2
2606,2
2607,4
2607,4
2607,4
2607,4
2625,2
2625,2
2628,2
2628,2
2645,5
2645,5
2645,5
2645,5
2645,5
2661,2
2661,2
2666,2
2666,2
2668,2
2668,2
2693,4
2693,4
2693,4
2693,4
2707,2
2707,2
2709,4
2709,4
2709,4
2709,4
2720,3
2720,3
2720,3
2723,2
2723,2
2724,2
2724,2
2730,3
2730,3
2730,3
2732,2
2732,2
2737,2
2737,2
2752,3
2752,3
2752,3
2760,3
2760,3
2760,3
2762,2
2762,2
2768,3
2768,3
2768,3
2774,3
2774,3
2774,3
2778,2
2778,2
2783,2
2783,2
2790,5
2790,5
2790,5
2790,5
2790,5
2795,2
2795,2
2798,2
2798,2
2799,2
2799,2
2807,3
2807,3
2807,3
2818,3
2818,3
2818,3
2822,5
2822,5
2822,5
2822,5
2822,5
2826,2
2826,2
2831,2
2831,2
2858,3
2858,3
2858,3
2865,2
2865,2
2867,2
2867,2
2871,2
2871,2
2890,2
2890,2
2892,5
2892,5
2892,5
2892,5
2892,5
2901,2
2901,2
2908,2
2908,2
2919,3
2919,3
2919,3
2925,2
2925,2
2928,3
2928,3
2928,3
2944,4
2944,4
2944,4
2944,4
2995,2
2995,2
3001,2
3001,2
3004,2
3004,2
3021,2
3021,2
3022,2
3022,2
3025,2
3025,2
3029,2
3029,2
3030,2
3030,2
3032,4
3032,4
3032,4
3032,4
3047,2
3047,2
3060,3
3060,3
3060,3
3061,2
3061,2
3063,3
3063,3
3063,3
3071,2
3071,2
3081,2
3081,2
3091,2
3091,2
3100,3
3100,3
3100,3
3104,2
3104,2
3113,2
3113,2
3120,2
3120,2
3124,3
3124,3
3124,3
3126,2
3126,2
3131,3
3131,3
3131,3
3142,2
3142,2
3149,2
3149,2
3162,3
3162,3
3162,3
3163,2
3163,2
3174,2
3174,2
3184,2
3184,2
3189,2
3189,2
3195,6
3195,6
3195,6
3195,6
3195,6
3195,6
3204,3
3204,3
3204,3
3210,3
3210,3
3210,3
3211,3
3211,3
3211,3
3216,3
3216,3
3216,3
3218,3
3218,3
3218,3
3225,2
3225,2
3236,3
3236,3
3236,3
3237,3
3237,3
3237,3
3271,2
3271,2
3272,2
3272,2
3274,3
3274,3
3274,3
3279,4
3279,4
3279,4
3279,4
3280,2
3280,2
3282,3
3282,3
3282,3
3283,4
3283,4
3283,4
3283,4
3284,2
3284,2
3287,3
3287,3
3287,3
3292,5
3292,5
3292,5
3292,5
3292,5
3294,2
3294,2
3300,2
3300,2
3301,4
3301,4
3301,4
3301,4
3305,2
3305,2
3318,5
3318,5
3318,5
3318,5
3318,5
3323,2
3323,2
3324,2
3324,2
3332,3
3332,3
3332,3
3337,3
3337,3
3337,3
3353,6
3353,6
3353,6
3353,6
3353,6
3353,6
3361,4
3361,4
3361,4
3361,4
3363,3
3363,3
3363,3
3382,2
3382,2
3384,3
3384,3
3384,3
3391,2
3391,2
3392,4
3392,4
3392,4
3392,4
3405,3
3405,3
3405,3
3406,2
3406,2
3412,3
3412,3
3412,3
3422,2
3422,2
3428,2
3428,2
3437,2
3437,2
3438,2
3438,2
3439,4
3439,4
3439,4
3439,4
3444,4
3444,4
3444,4
3444,4
3450,2
3450,2
3464,2
3464,2
3470,2
3470,2
3474,4
3474,4
3474,4
3474,4
3475,3
3475,3
3475,3
3476,4
3476,4
3476,4
3476,4
3484,2
3484,2
3485,3
3485,3
3485,3
3488,2
3488,2
3489,2
3489,2
3490,2
3490,2
3495,4
3495,4
3495,4
3495,4
3496,2
3496,2
3499,4
3499,4
3499,4
3499,4
3515,2
3515,2
3519,3
3519,3
3519,3
3520,2
3520,2
3521,2
3521,2
3531,2
3531,2
3535,2
3535,2
3543,3
3543,3
3543,3
3550,3
3550,3
3550,3
3552,2
3552,2
3558,2
3558,2
3561,2
3561,2
3562,2
3562,2
3588,2
3588,2
3592,2
3592,2
3608,3
3608,3
3608,3
3609,4
3609,4
3609,4
3609,4
3610,2
3610,2
3615,2
3615,2
3622,2
3622,2
3640,2
3640,2
3641,3
3641,3
3641,3
3645,5
3645,5
3645,5
3645,5
3645,5
3654,2
3654,2
3658,2
3658,2
3662,2
3662,2
3680,2
3680,2
3681,2
3681,2
3688,3
3688,3
3688,3
3699,4
3699,4
3699,4
3699,4
3703,2
3703,2
3706,2
3706,2
3707,2
3707,2
3710,3
3710,3
3710,3
3711,3
3711,3
3711,3
3713,3
3713,3
3713,3
3714,2
3714,2
3715,4
3715,4
3715,4
3715,4
3719,2
3719,2
3732,4
3732,4
3732,4
3732,4
3735,2
3735,2
3737,2
3737,2
3742,2
3742,2
3747,4
3747,4
3747,4
3747,4
3749,2
3749,2
3750,2
3750,2
3755,2
3755,2
3758,2
3758,2
3772,2
3772,2
3773,3
3773,3
3773,3
3774,3
3774,3
3774,3
3775,2
3775,2
3786,2
3786,2
3787,3
3787,3
3787,3
3811,2
3811,2
3850,7
3850,7
3850,7
3850,7
3850,7
3850,7
3850,7
3862,7
3862,7
3862,7
3862,7
3862,7
3862,7
3862,7
3868,7
3868,7
3868,7
3868,7
3868,7
3868,7
3868,7
3874,2
3874,2
3883,3
3883,3
3883,3
3895,3
3895,3
3895,3
3903,6
3903,6
3903,6
3903,6
3903,6
3903,6
3911,3
3911,3
3911,3
3913,2
3913,2
3916,2
3916,2
3923,3
3923,3
3923,3
3927,2
3927,2
3928,2
3928,2
3932,2
3932,2
3938,3
3938,3
3938,3
3959,3
3959,3
3959,3
3962,2
3962,2
3966,3
3966,3
3966,3
3974,2
3974,2
3986,2
3986,2
3995,6
3995,6
3995,6
3995,6
3995,6
3995,6
4000,3
4000,3
4000,3
4001,7
4001,7
4001,7
4001,7
4001,7
4001,7
4001,7
4005,8
4005,8
4005,8
4005,8
4005,8
4005,8
4005,8
4005,8
4006,5
4006,5
4006,5
4006,5
4006,5
4014,2
4014,2
4017,5
4017,5
4017,5
4017,5
4017,5
4030,5
4030,5
4030,5
4030,5
4030,5
4031,2
4031,2
4042,3
4042,3
4042,3
4044,3
4044,3
4044,3
4061,3
4061,3
4061,3
4066,2
4066,2
4071,2
4071,2
4108,2
4108,2
4113,2
4113,2
4128,3
4128,3
4128,3
4147,2
4147,2
4166,2
4166,2
4168,2
4168,2
4169,2
4169,2
4172,7
4172,7
4172,7
4172,7
4172,7
4172,7
4172,7
4176,7
4176,7
4176,7
4176,7
4176,7
4176,7
4176,7
4177,3
4177,3
4177,3
4179,2
4179,2
4181,6
4181,6
4181,6
4181,6
4181,6
4181,6
4182,3
4182,3
4182,3
4197,3
4197,3
4197,3
4204,3
4204,3
4204,3
4207,2
4207,2
4210,2
4210,2
4216,2
4216,2
4218,2
4218,2
4219,3
4219,3
4219,3
4222,2
4222,2
4223,2
4223,2
4249,3
4249,3
4249,3
4254,3
4254,3
4254,3
4256,8
4256,8
4256,8
4256,8
4256,8
4256,8
4256,8
4256,8
4258,3
4258,3
4258,3
4262,2
4262,2
4267,2
4267,2
4295,2
4295,2
4303,2
4303,2
4305,3
4305,3
4305,3
4309,2
4309,2
4315,2
4315,2
4324,4
4324,4
4324,4
4324,4
4336,4
4336,4
4336,4
4336,4
4338,3
4338,3
4338,3
4350,2
4350,2
4352,2
4352,2
4359,3
4359,3
4359,3
4371,5
4371,5
4371,5
4371,5
4371,5
4372,2
4372,2
4386,2
4386,2
4390,3
4390,3
4390,3
4393,2
4393,2
4400,3
4400,3
4400,3
4401,2
4401,2
4403,2
4403,2
4422,2
4422,2
4427,2
4427,2
4441,3
4441,3
4441,3
4446,5
4446,5
4446,5
4446,5
4446,5
4450,4
4450,4
4450,4
4450,4
4463,2
4463,2
4465,3
4465,3
4465,3
4469,2
4469,2
4472,2
4472,2
4473,2
4473,2
4474,3
4474,3
4474,3
4475,2
4475,2
4482,5
4482,5
4482,5
4482,5
4482,5
4483,2
4483,2
4485,2
4485,2
4498,8
4498,8
4498,8
4498,8
4498,8
4498,8
4498,8
4498,8
4505,2
4505,2
4508,3
4508,3
4508,3
4509,3
4509,3
4509,3
4511,2
4511,2
4515,2
4515,2
4535,2
4535,2
4539,2
4539,2
4542,2
4542,2
4569,2
4569,2
4581,2
4581,2
4592,4
4592,4
4592,4
4592,4
4594,4
4594,4
4594,4
4594,4
4603,2
4603,2
4606,2
4606,2
4625,7
4625,7
4625,7
4625,7
4625,7
4625,7
4625,7
4632,5
4632,5
4632,5
4632,5
4632,5
4645,2
4645,2
4655,2
4655,2
4656,2
4656,2
4658,2
4658,2
4661,7
4661,7
4661,7
4661,7
4661,7
4661,7
4661,7
4662,3
4662,3
4662,3
4663,6
4663,6
4663,6
4663,6
4663,6
4663,6
4668,2
4668,2
4680,4
4680,4
4680,4
4680,4
4690,2
4690,2
4693,2
4693,2
4695,3
4695,3
4695,3
4706,2
4706,2
4710,2
4710,2
4723,2
4723,2
4726,5
4726,5
4726,5
4726,5
4726,5
4728,2
4728,2
4732,3
4732,3
4732,3
4738,2
4738,2
4741,3
4741,3
4741,3
4744,2
4744,2
4750,2
4750,2
4756,2
4756,2
4770,2
4770,2
4774,4
4774,4
4774,4
4774,4
4780,2
4780,2
4782,5
4782,5
4782,5
4782,5
4782,5
4793,2
4793,2
4796,2
4796,2
4798,3
4798,3
4798,3
4804,3
4804,3
4804,3
4822,4
4822,4
4822,4
4822,4
4836,2
4836,2
4841,3
4841,3
4841,3
4846,2
4846,2
4850,2
4850,2
4874,2
4874,2
4890,2
4890,2
4891,2
4891,2
4899,2
4899,2
4901,2
4901,2
4912,2
4912,2
4923,3
4923,3
4923,3
4927,4
4927,4
4927,4
4927,4
4930,2
4930,2
4932,2
4932,2
4933,4
4933,4
4933,4
4933,4
4942,2
4942,2
4944,3
4944,3
4944,3
4973,2
4973,2
4974,2
4974,2
4975,3
4975,3
4975,3
4977,2
4977,2
4980,3
4980,3
4980,3
4981,3
4981,3
4981,3
5006,3
5006,3
5006,3
5014,2
5014,2
5036,2
5036,2
5039,4
5039,4
5039,4
5039,4
5040,2
5040,2
5044,2
5044,2
5052,2
5052,2
5058,3
5058,3
5058,3
5060,4
5060,4
5060,4
5060,4
5061,2
5061,2
5065,2
5065,2
5072,2
5072,2
5084,2
5084,2
5089,2
5089,2
5090,6
5090,6
5090,6
5090,6
5090,6
5090,6
5097,3
5097,3
5097,3
5111,3
5111,3
5111,3
5112,3
5112,3
5112,3
5115,2
5115,2
5116,2
5116,2
5127,2
5127,2
5128,2
5128,2
5133,8
5133,8
5133,8
5133,8
5133,8
5133,8
5133,8
5133,8
5142,4
5142,4
5142,4
5142,4
5148,2
5148,2
5156,2
5156,2
5162,2
5162,2
5163,2
5163,2
5174,2
5174,2
5182,2
5182,2
5188,3
5188,3
5188,3
5194,2
5194,2
5196,2
5196,2
5205,3
5205,3
5205,3
5206,3
5206,3
5206,3
5207,2
5207,2
5208,2
5208,2
5217,2
5217,2
5223,3
5223,3
5223,3
5243,2
5243,2
5246,2
5246,2
5254,4
5254,4
5254,4
5254,4
5264,2
5264,2
5266,2
5266,2
5282,3
5282,3
5282,3
5301,2
5301,2
5303,5
5303,5
5303,5
5303,5
5303,5
5304,2
5304,2
5320,2
5320,2
5334,2
5334,2
5344,2
5344,2
5345,2
5345,2
5353,2
5353,2
5354,2
5354,2
5355,2
5355,2
5367,3
5367,3
5367,3
5375,2
5375,2
5384,2
5384,2
5389,2
5389,2
5390,3
5390,3
5390,3
5397,3
5397,3
5397,3
5408,2
5408,2
5414,5
5414,5
5414,5
5414,5
5414,5
5416,4
5416,4
5416,4
5416,4
5423,2
5423,2
5424,2
5424,2
5427,3
5427,3
5427,3
5440,3
5440,3
5440,3
5447,2
5447,2
5465,3
5465,3
5465,3
5466,5
5466,5
5466,5
5466,5
5466,5
5488,4
5488,4
5488,4
5488,4
5489,2
5489,2
5497,2
5497,2
5511,2
5511,2
5512,2
5512,2
5514,4
5514,4
5514,4
5514,4
5522,3
5522,3
5522,3
5526,2
5526,2
5527,4
5527,4
5527,4
5527,4
5530,2
5530,2
5531,2
5531,2
5535,3
5535,3
5535,3
5538,2
5538,2
5545,3
5545,3
5545,3
5552,3
5552,3
5552,3
5561,4
5561,4
5561,4
5561,4
5568,2
5568,2
5575,2
5575,2
5585,2
5585,2
5601,5
5601,5
5601,5
5601,5
5601,5
5602,2
5602,2
5606,2
5606,2
5610,2
5610,2
5611,2
5611,2
5625,5
5625,5
5625,5
5625,5
5625,5
5642,2
5642,2
5643,3
5643,3
5643,3
5647,3
5647,3
5647,3
5648,2
5648,2
5661,2
5661,2
5662,2
5662,2
5679,3
5679,3
5679,3
5684,4
5684,4
5684,4
5684,4
5686,2
5686,2
5698,2
5698,2
5706,2
5706,2
5714,5
5714,5
5714,5
5714,5
5714,5
5719,2
5719,2
5721,2
5721,2
5733,2
5733,2
5737,2
5737,2
5740,2
5740,2
5756,8
5756,8
5756,8
5756,8
5756,8
5756,8
5756,8
5756,8
5763,2
5763,2
5768,2
5768,2
5769,2
5769,2
5780,3
5780,3
5780,3
5808,3
5808,3
5808,3
5809,2
5809,2
5810,2
5810,2
5811,2
5811,2
5812,6
5812,6
5812,6
5812,6
5812,6
5812,6
5814,7
5814,7
5814,7
5814,7
5814,7
5814,7
5814,7
5842,2
5842,2
5855,2
5855,2
5856,2
5856,2
5860,3
5860,3
5860,3
5863,2
5863,2
5876,3
5876,3
5876,3
5885,8
5885,8
5885,8
5885,8
5885,8
5885,8
5885,8
5885,8
5886,2
5886,2
5887,2
5887,2
5888,2
5888,2
5900,3
5900,3
5900,3
5909,3
5909,3
5909,3
5921,2
5921,2
5925,3
5925,3
5925,3
5927,7
5927,7
5927,7
5927,7
5927,7
5927,7
5927,7
5930,3
5930,3
5930,3
5938,2
5938,2
5945,3
5945,3
5945,3
5949,2
5949,2
5955,2
5955,2
5957,3
5957,3
5957,3
5959,2
5959,2
5960,3
5960,3
5960,3
5967,3
5967,3
5967,3
5969,3
5969,3
5969,3
5977,4
5977,4
5977,4
5977,4
5981,3
5981,3
5981,3
5983,2
5983,2
5984,2
5984,2
6000,2
6000,2
6006,2
6006,2
6015,2
6015,2
6016,2
6016,2
6017,2
6017,2
6020,7
6020,7
6020,7
6020,7
6020,7
6020,7
6020,7
6028,5
6028,5
6028,5
6028,5
6028,5
6030,7
6030,7
6030,7
6030,7
6030,7
6030,7
6030,7
6032,3
6032,3
6032,3
6033,2
6033,2
6034,3
6034,3
6034,3
6035,2
6035,2
6036,3
6036,3
6036,3
6039,2
6039,2
6055,3
6055,3
6055,3
6062,2
6062,2
6066,3
6066,3
6066,3
6091,2
6091,2
6092,3
6092,3
6092,3
6094,3
6094,3
6094,3
6096,3
6096,3
6096,3
6109,2
6109,2
6111,5
6111,5
6111,5
6111,5
6111,5
6118,2
6118,2
6121,2
6121,2
6128,2
6128,2
6137,6
6137,6
6137,6
6137,6
6137,6
6137,6
6139,6
6139,6
6139,6
6139,6
6139,6
6139,6
6141,2
6141,2
6148,2
6148,2
6152,2
6152,2
6168,2
6168,2
6174,3
6174,3
6174,3
6175,3
6175,3
6175,3
6191,4
6191,4
6191,4
6191,4
6199,2
6199,2
6200,3
6200,3
6200,3
6207,3
6207,3
6207,3
6215,2
6215,2
6218,2
6218,2
6224,2
6224,2
6253,2
6253,2
6254,2
6254,2
6262,2
6262,2
6263,2
6263,2
6270,2
6270,2
6273,2
6273,2
6283,2
6283,2
6285,2
6285,2
6302,7
6302,7
6302,7
6302,7
6302,7
6302,7
6302,7
6305,2
6305,2
6309,5
6309,5
6309,5
6309,5
6309,5
6313,2
6313,2
6321,3
6321,3
6321,3
6323,2
6323,2
6324,3
6324,3
6324,3
6325,2
6325,2
6328,4
6328,4
6328,4
6328,4
6334,7
6334,7
6334,7
6334,7
6334,7
6334,7
6334,7
6340,2
6340,2
6344,2
6344,2
6346,2
6346,2
6360,3
6360,3
6360,3
6363,7
6363,7
6363,7
6363,7
6363,7
6363,7
6363,7
6367,2
6367,2
6372,4
6372,4
6372,4
6372,4
6380,3
6380,3
6380,3
6394,4
6394,4
6394,4
6394,4
6400,2
6400,2
6402,5
6402,5
6402,5
6402,5
6402,5
6405,4
6405,4
6405,4
6405,4
6406,2
6406,2
6421,2
6421,2
6422,4
6422,4
6422,4
6422,4
6428,2
6428,2
6431,3
6431,3
6431,3
6433,2
6433,2
6443,7
6443,7
6443,7
6443,7
6443,7
6443,7
6443,7
6444,2
6444,2
6446,3
6446,3
6446,3
6449,2
6449,2
6450,2
6450,2
6452,3
6452,3
6452,3
6462,2
6462,2
6468,4
6468,4
6468,4
6468,4
6472,2
6472,2
6477,2
6477,2
6482,3
6482,3
6482,3
6485,2
6485,2
6490,4
6490,4
6490,4
6490,4
6511,3
6511,3
6511,3
6512,3
6512,3
6512,3
6514,2
6514,2
6525,3
6525,3
6525,3
6526,2
6526,2
6549,2
6549,2
6556,2
6556,2
6561,2
6561,2
6563,2
6563,2
6565,2
6565,2
6567,2
6567,2
6578,2
6578,2
6583,2
6583,2
6585,2
6585,2
6588,2
6588,2
6590,2
6590,2
6593,2
6593,2
6611,3
6611,3
6611,3
6622,2
6622,2
6625,2
6625,2
6634,2
6634,2
6635,2
6635,2
6641,2
6641,2
6654,3
6654,3
6654,3
6662,3
6662,3
6662,3
6663,2
6663,2
6665,4
6665,4
6665,4
6665,4
6668,2
6668,2
6671,3
6671,3
6671,3
6672,4
6672,4
6672,4
6672,4
6674,5
6674,5
6674,5
6674,5
6674,5
6675,2
6675,2
6684,3
6684,3
6684,3
6706,2
6706,2
6708,6
6708,6
6708,6
6708,6
6708,6
6708,6
6718,3
6718,3
6718,3
6722,3
6722,3
6722,3
6724,2
6724,2
6729,3
6729,3
6729,3
6734,4
6734,4
6734,4
6734,4
6741,2
6741,2
6744,5
6744,5
6744,5
6744,5
6744,5
6748,4
6748,4
6748,4
6748,4
6751,2
6751,2
6753,2
6753,2
6756,3
6756,3
6756,3
6761,2
6761,2
6764,2
6764,2
6766,3
6766,3
6766,3
6774,3
6774,3
6774,3
6779,4
6779,4
6779,4
6779,4
6780,2
6780,2
6784,2
6784,2
6787,7
6787,7
6787,7
6787,7
6787,7
6787,7
6787,7
6810,5
6810,5
6810,5
6810,5
6810,5
6816,6
6816,6
6816,6
6816,6
6816,6
6816,6
6825,2
6825,2
6827,4
6827,4
6827,4
6827,4
6829,3
6829,3
6829,3
6843,2
6843,2
6850,3
6850,3
6850,3
6858,4
6858,4
6858,4
6858,4
6862,2
6862,2
6864,2
6864,2
6865,2
6865,2
6866,2
6866,2
6880,2
6880,2
6882,2
6882,2
6894,3
6894,3
6894,3
6896,3
6896,3
6896,3
6899,2
6899,2
6905,3
6905,3
6905,3
6906,3
6906,3
6906,3
6913,2
6913,2
6921,6
6921,6
6921,6
6921,6
6921,6
6921,6
6928,2
6928,2
6929,3
6929,3
6929,3
6934,2
6934,2
6947,2
6947,2
6950,2
6950,2
6951,2
6951,2
6954,2
6954,2
6968,2
6968,2
6970,2
6970,2
6971,6
6971,6
6971,6
6971,6
6971,6
6971,6
6977,2
6977,2
6984,3
6984,3
6984,3
6988,2
6988,2
6991,2
6991,2
6992,3
6992,3
6992,3
6994,2
6994,2
6997,2
6997,2
7007,2
7007,2
7010,2
7010,2
7019,2
7019,2
7022,2
7022,2
7028,2
7028,2
7029,2
7029,2
7069,3
7069,3
7069,3
7074,2
7074,2
7083,2
7083,2
7085,3
7085,3
7085,3
7096,3
7096,3
7096,3
7097,4
7097,4
7097,4
7097,4
7104,2
7104,2
7113,2
7113,2
7121,2
7121,2
7127,2
7127,2
7128,3
7128,3
7128,3
7142,3
7142,3
7142,3
7152,2
7152,2
7156,4
7156,4
7156,4
7156,4
7157,2
7157,2
7176,3
7176,3
7176,3
7186,3
7186,3
7186,3
7188,3
7188,3
7188,3
7208,2
7208,2
7219,6
7219,6
7219,6
7219,6
7219,6
7219,6
7240,2
7240,2
7249,2
7249,2
7257,2
7257,2
7267,2
7267,2
7290,5
7290,5
7290,5
7290,5
7290,5
7336,2
7336,2
7353,3
7353,3
7353,3
7356,2
7356,2
7361,2
7361,2
7367,2
7367,2
7395,4
7395,4
7395,4
7395,4
7396,3
7396,3
7396,3
7402,2
7402,2
7419,2
7419,2
7425,2
7425,2
7437,3
7437,3
7437,3
7442,2
7442,2
7452,3
7452,3
7452,3
7475,2
7475,2
7488,2
7488,2
7498,3
7498,3
7498,3
7503,2
7503,2
7505,3
7505,3
7505,3
7507,3
7507,3
7507,3
7515,2
7515,2
7518,2
7518,2
7524,2
7524,2
7525,2
7525,2
7531,2
7531,2
7538,2
7538,2
7565,4
7565,4
7565,4
7565,4
7569,2
7569,2
7576,2
7576,2
7584,3
7584,3
7584,3
7585,4
7585,4
7585,4
7585,4
7588,2
7588,2
7596,2
7596,2
7604,2
7604,2
7609,2
7609,2
7628,2
7628,2
7643,2
7643,2
7646,3
7646,3
7646,3
7650,5
7650,5
7650,5
7650,5
7650,5
7678,2
7678,2
7693,2
7693,2
7696,2
7696,2
7697,2
7697,2
7703,2
7703,2
7709,2
7709,2
7741,2
7741,2
7742,2
7742,2
7744,2
7744,2
7748,2
7748,2
7749,2
7749,2
7757,2
7757,2
7761,2
7761,2
7770,2
7770,2
7778,2
7778,2
7782,2
7782,2
7787,2
7787,2
7790,3
7790,3
7790,3
7803,2
7803,2
7809,2
7809,2
7830,4
7830,4
7830,4
7830,4
7833,2
7833,2
7837,2
7837,2
7841,2
7841,2
7848,2
7848,2
7853,3
7853,3
7853,3
7858,3
7858,3
7858,3
7865,3
7865,3
7865,3
7872,6
7872,6
7872,6
7872,6
7872,6
7872,6
7873,2
7873,2
7882,2
7882,2
7890,3
7890,3
7890,3
7891,2
7891,2
7899,3
7899,3
7899,3
7902,4
7902,4
7902,4
7902,4
7904,2
7904,2
7905,3
7905,3
7905,3
7914,3
7914,3
7914,3
7936,3
7936,3
7936,3
7937,2
7937,2
7943,2
7943,2
7944,2
7944,2
7950,4
7950,4
7950,4
7950,4
7952,2
7952,2
7972,2
7972,2
7974,2
7974,2
7981,2
7981,2
7982,2
7982,2
7984,4
7984,4
7984,4
7984,4
7993,2
7993,2
8000,2
8000,2
8005,3
8005,3
8005,3
8007,2
8007,2
8012,3
8012,3
8012,3
8015,3
8015,3
8015,3
8023,2
8023,2
8027,2
8027,2
8032,2
8032,2
8034,2
8034,2
8036,2
8036,2
8038,2
8038,2
8043,4
8043,4
8043,4
8043,4
8050,3
8050,3
8050,3
8052,2
8052,2
8056,2
8056,2
8057,2
8057,2
8060,2
8060,2
8064,3
8064,3
8064,3
8072,2
8072,2
8076,2
8076,2
8082,2
8082,2
8088,2
8088,2
8092,3
8092,3
8092,3
8098,4
8098,4
8098,4
8098,4
8115,2
8115,2
8117,3
8117,3
8117,3
8119,3
8119,3
8119,3
8122,3
8122,3
8122,3
8129,5
8129,5
8129,5
8129,5
8129,5
8130,3
8130,3
8130,3
8136,2
8136,2
8144,4
8144,4
8144,4
8144,4
8147,4
8147,4
8147,4
8147,4
8150,3
8150,3
8150,3
8157,6
8157,6
8157,6
8157,6
8157,6
8157,6
8168,8
8168,8
8168,8
8168,8
8168,8
8168,8
8168,8
8168,8
8186,4
8186,4
8186,4
8186,4
8202,6
8202,6
8202,6
8202,6
8202,6
8202,6
8203,2
8203,2
8204,2
8204,2
8222,2
8222,2
8226,3
8226,3
8226,3
8231,2
8231,2
8233,2
8233,2
8238,2
8238,2
8248,2
8248,2
8252,3
8252,3
8252,3
8260,3
8260,3
8260,3
8267,2
8267,2
8268,2
8268,2
8272,3
8272,3
8272,3
8276,2
8276,2
8288,2
8288,2
8302,2
8302,2
8306,3
8306,3
8306,3
8307,2
8307,2
8314,2
8314,2
8318,4
8318,4
8318,4
8318,4
8322,2
8322,2
8338,3
8338,3
8338,3
8339,2
8339,2
8342,3
8342,3
8342,3
8344,3
8344,3
8344,3
8354,2
8354,2
8360,2
8360,2
8363,2
8363,2
8366,5
8366,5
8366,5
8366,5
8366,5
8368,2
8368,2
8369,2
8369,2
8383,7
8383,7
8383,7
8383,7
8383,7
8383,7
8383,7
8398,2
8398,2
8404,2
8404,2
8418,2
8418,2
8419,2
8419,2
8431,2
8431,2
8449,2
8449,2
8451,2
8451,2
8452,4
8452,4
8452,4
8452,4
8458,6
8458,6
8458,6
8458,6
8458,6
8458,6
8465,2
8465,2
8475,2
8475,2
8480,2
8480,2
8503,3
8503,3
8503,3
8504,2
8504,2
8508,3
8508,3
8508,3
8537,3
8537,3
8537,3
8541,2
8541,2
8552,2
8552,2
8556,2
8556,2
8557,2
8557,2
8559,3
8559,3
8559,3
8573,2
8573,2
8574,5
8574,5
8574,5
8574,5
8574,5
8581,2
8581,2
8596,2
8596,2
8598,3
8598,3
8598,3
8602,3
8602,3
8602,3
8604,2
8604,2
8605,5
8605,5
8605,5
8605,5
8605,5
8606,3
8606,3
8606,3
8615,2
8615,2
8616,2
8616,2
8618,2
8618,2
8624,2
8624,2
8637,3
8637,3
8637,3
8638,3
8638,3
8638,3
8639,2
8639,2
8641,3
8641,3
8641,3
8644,2
8644,2
8646,4
8646,4
8646,4
8646,4
8656,3
8656,3
8656,3
8658,2
8658,2
8663,2
8663,2
8668,3
8668,3
8668,3
8669,3
8669,3
8669,3
8681,3
8681,3
8681,3
8694,3
8694,3
8694,3
8704,2
8704,2
8719,3
8719,3
8719,3
8722,2
8722,2
8728,8
8728,8
8728,8
8728,8
8728,8
8728,8
8728,8
8728,8
8729,2
8729,2
8736,2
8736,2
8741,3
8741,3
8741,3
8753,3
8753,3
8753,3
8759,2
8759,2
8770,7
8770,7
8770,7
8770,7
8770,7
8770,7
8770,7
8772,2
8772,2
8783,2
8783,2
8785,2
8785,2
8789,2
8789,2
8796,8
8796,8
8796,8
8796,8
8796,8
8796,8
8796,8
8796,8
8816,5
8816,5
8816,5
8816,5
8816,5
8826,3
8826,3
8826,3
8830,2
8830,2
8836,2
8836,2
8845,2
8845,2
8852,2
8852,2
8860,4
8860,4
8860,4
8860,4
8862,5
8862,5
8862,5
8862,5
8862,5
8867,2
8867,2
8871,2
8871,2
8886,3
8886,3
8886,3
8891,2
8891,2
8938,2
8938,2
8941,3
8941,3
8941,3
8944,3
8944,3
8944,3
8945,2
8945,2
8948,2
8948,2
8956,8
8956,8
8956,8
8956,8
8956,8
8956,8
8956,8
8956,8
8961,5
8961,5
8961,5
8961,5
8961,5
8964,3
8964,3
8964,3
8975,2
8975,2
8986,2
8986,2
8988,8
8988,8
8988,8
8988,8
8988,8
8988,8
8988,8
8988,8
8989,4
8989,4
8989,4
8989,4
8997,2
8997,2
8998,2
8998,2
9008,2
9008,2
9013,3
9013,3
9013,3
9021,2
9021,2
9030,2
9030,2
9034,5
9034,5
9034,5
9034,5
9034,5
9046,2
9046,2
9052,2
9052,2
9057,2
9057,2
9069,5
9069,5
9069,5
9069,5
9069,5
9072,3
9072,3
9072,3
9073,2
9073,2
9074,6
9074,6
9074,6
9074,6
9074,6
9074,6
9077,2
9077,2
9081,8
9081,8
9081,8
9081,8
9081,8
9081,8
9081,8
9081,8
9085,3
9085,3
9085,3
9094,2
9094,2
9108,2
9108,2
9118,2
9118,2
9125,2
9125,2
9128,2
9128,2
9131,2
9131,2
9132,2
9132,2
9149,2
9149,2
9157,7
9157,7
9157,7
9157,7
9157,7
9157,7
9157,7
9161,2
9161,2
9168,2
9168,2
9179,4
9179,4
9179,4
9179,4
9194,2
9194,2
9195,2
9195,2
9196,3
9196,3
9196,3
9197,4
9197,4
9197,4
9197,4
9205,3
9205,3
9205,3
9208,2
9208,2
9219,2
9219,2
9220,3
9220,3
9220,3
9227,5
9227,5
9227,5
9227,5
9227,5
9231,3
9231,3
9231,3
9252,2
9252,2
9267,2
9267,2
9272,2
9272,2
9275,3
9275,3
9275,3
9280,2
9280,2
