Source,Target,Amount
0002_01,Spa,549
0003_01,Spa,6715
0003_02,Spa,3329
0004_01,Spa,565
0005_01,Spa,291
0007_01,Spa,216
0008_03,Spa,110
0011_01,Spa,2
0025_01,Spa,998
0026_01,Spa,1438
0028_01,Spa,48
0030_01,Spa,437
0031_03,Spa,990
0035_01,Spa,951
0036_01,Spa,20
0038_01,Spa,2606
0043_01,Spa,2511
0051_01,Spa,1379
0052_01,Spa,4683
0056_03,Spa,286
0061_01,Spa,1377
0062_01,Spa,17
0068_01,Spa,253
0069_01,Spa,6
0070_01,Spa,1
0078_01,Spa,321
0086_01,Spa,638
0091_02,Spa,188
0092_01,Spa,1
0097_01,Spa,3
0098_01,Spa,32
0099_01,Spa,37
0102_01,Spa,830
0105_01,Spa,2
0110_01,Spa,3929
0110_03,Spa,1868
0112_01,Spa,17
0114_01,Spa,238
0116_01,Spa,12
0119_01,Spa,65
0122_01,Spa,699
0128_01,Spa,316
0136_01,Spa,25
0138_02,Spa,564
0167_02,Spa,22
0170_01,Spa,221
0173_01,Spa,5
0174_01,Spa,115
0177_01,Spa,14970
0178_01,Spa,28
0179_01,Spa,2
0181_01,Spa,299
0189_01,Spa,202
0192_03,Spa,898
0193_02,Spa,1072
0197_01,Spa,795
0202_02,Spa,878
0206_01,Spa,1125
0211_03,Spa,182
0212_01,Spa,51
0212_02,Spa,10
0217_01,Spa,27
0221_02,Spa,2
0221_03,Spa,1
0221_05,Spa,43
0221_06,Spa,234
0222_01,Spa,11
0224_01,Spa,1634
0229_01,Spa,713
0231_01,Spa,1720
0233_01,Spa,1438
0239_01,Spa,92
0241_01,Spa,4812
0242_01,Spa,283
0245_02,Spa,584
0246_01,Spa,27
0248_01,Spa,8620
0254_01,Spa,2
0258_01,Spa,299
0260_01,Spa,981
0267_01,Spa,754
0277_01,Spa,53
0278_01,Spa,888
0278_02,Spa,14
0286_01,Spa,162
0287_02,Spa,6
0290_01,Spa,1157
0291_01,Spa,1090
0297_01,Spa,17
0304_01,Spa,1851
0305_01,Spa,20
0306_01,Spa,1
0309_01,Spa,6
0310_01,Spa,4476
0313_03,Spa,318
0316_01,Spa,170
0330_02,Spa,46
0330_03,Spa,148
0334_01,Spa,1476
0337_02,Spa,3
0343_01,Spa,274
0348_01,Spa,3
0357_01,Spa,124
0361_01,Spa,280
0365_01,Spa,685
0368_01,Spa,15
0369_01,Spa,177
0370_01,Spa,441
0372_01,Spa,2766
0376_01,Spa,6
0377_01,Spa,176
0378_01,Spa,5132
0378_03,Spa,2579
0378_06,Spa,1173
0382_01,Spa,4
0383_01,Spa,3693
0384_02,Spa,25
0392_01,Spa,1508
0395_01,Spa,8157
0395_02,Spa,3835
0398_01,Spa,6011
0401_02,Spa,13
0405_01,Spa,310
0407_02,Spa,5
0409_01,Spa,2
0410_01,Spa,567
0411_01,Spa,140
0412_01,Spa,1537
0413_01,Spa,352
0417_02,Spa,5467
0423_01,Spa,13
0425_01,Spa,34
0427_01,Spa,562
0428_01,Spa,715
0429_01,Spa,2
0430_01,Spa,16
0433_02,Spa,2962
0436_02,Spa,622
0437_01,Spa,467
0437_02,Spa,26
0439_01,Spa,1936
0441_01,Spa,722
0445_01,Spa,24
0445_02,Spa,77
0448_01,Spa,32
0454_01,Spa,745
0456_01,Spa,59
0457_01,Spa,26
0459_01,Spa,59
0461_02,Spa,612
0465_01,Spa,1178
0465_02,Spa,146
0466_01,Spa,1
0471_01,Spa,5183
0472_01,Spa,9
0475_01,Spa,9
0476_01,Spa,144
0477_01,Spa,1619
0482_01,Spa,5
0485_01,Spa,3348
0487_01,Spa,4303
0500_01,Spa,82
0502_01,Spa,471
0503_02,Spa,29
0504_04,Spa,401
0510_01,Spa,323
0512_01,Spa,59
0517_01,Spa,2
0528_01,Spa,3427
0533_01,Spa,557
0534_01,Spa,5732
0534_02,Spa,641
0537_01,Spa,320
0539_05,Spa,9
0540_02,Spa,45
0545_01,Spa,681
0547_01,Spa,16
0549_01,Spa,252
0550_01,Spa,762
0551_01,Spa,445
0553_02,Spa,764
0555_02,Spa,2525
0556_01,Spa,1
0560_03,Spa,32
0561_01,Spa,442
0563_01,Spa,21
0564_03,Spa,1354
0568_01,Spa,1
0570_01,Spa,146
0571_06,Spa,1814
0572_01,Spa,854
0573_01,Spa,54
0576_01,Spa,110
0577_01,Spa,105
0581_01,Spa,183
0590_01,Spa,1
0593_01,Spa,1
0594_02,Spa,670
0596_01,Spa,422
0599_03,Spa,124
0600_01,Spa,9
0607_01,Spa,881
0607_03,Spa,1852
0610_01,Spa,502
0618_01,Spa,49
0628_01,Spa,1197
0629_01,Spa,1018
0633_01,Spa,150
0634_01,Spa,140
0635_02,Spa,11
0636_01,Spa,339
0636_02,Spa,675
0639_01,Spa,25
0641_01,Spa,1958
0642_01,Spa,118
0642_02,Spa,1517
0642_03,Spa,2210
0645_01,Spa,1
0656_01,Spa,768
0657_01,Spa,17
0657_02,Spa,140
0658_01,Spa,20
0661_01,Spa,1360
0663_01,Spa,49
0664_01,Spa,4507
0665_02,Spa,23
0668_01,Spa,989
0669_01,Spa,9
0672_01,Spa,7
0679_01,Spa,541
0685_01,Spa,55
0686_02,Spa,12
0688_01,Spa,41
0693_02,Spa,4343
0696_01,Spa,74
0697_01,Spa,12
0699_02,Spa,8
0702_01,Spa,387
0709_01,Spa,452
0710_01,Spa,31
0712_01,Spa,1132
0713_01,Spa,30
0718_01,Spa,261
0724_01,Spa,184
0727_01,Spa,152
0728_01,Spa,786
0733_01,Spa,4
0736_01,Spa,188
0737_01,Spa,38
0740_01,Spa,2247
0750_01,Spa,41
0753_02,Spa,3190
0756_02,Spa,4302
0757_01,Spa,1022
0761_01,Spa,48
0765_01,Spa,12
0767_01,Spa,15
0768_01,Spa,93
0770_02,Spa,170
0772_01,Spa,4476
0773_01,Spa,175
0777_01,Spa,1018
0781_01,Spa,3
0789_01,Spa,2177
0789_02,Spa,89
0793_01,Spa,7
0795_01,Spa,874
0799_01,Spa,1590
0805_01,Spa,1953
0809_03,Spa,304
0816_01,Spa,4614
0824_01,Spa,55
0828_01,Spa,59
0828_02,Spa,7
0829_01,Spa,2
0830_01,Spa,795
0834_01,Spa,838
0835_01,Spa,424
0845_01,Spa,266
0851_01,Spa,1
0867_01,Spa,2
0870_01,Spa,92
0871_01,Spa,246
0873_01,Spa,2529
0876_01,Spa,2
0878_01,Spa,447
0881_01,Spa,31
0883_01,Spa,18
0889_02,Spa,10
0890_01,Spa,9
0902_01,Spa,413
0904_01,Spa,148
0905_01,Spa,435
0907_01,Spa,9038
0907_02,Spa,145
0911_01,Spa,136
0911_02,Spa,31
0912_01,Spa,369
0913_01,Spa,5907
0915_01,Spa,544
0918_01,Spa,139
0919_01,Spa,886
0922_02,Spa,169
0923_01,Spa,15
0926_01,Spa,507
0926_02,Spa,2761
0927_01,Spa,43
0930_01,Spa,135
0931_01,Spa,126
0933_01,Spa,2121
0933_02,Spa,1867
0935_01,Spa,18
0938_01,Spa,630
0941_01,Spa,1175
0946_01,Spa,342
0956_01,Spa,5
0965_01,Spa,304
0966_01,Spa,167
0972_01,Spa,1026
0975_01,Spa,3
0984_05,Spa,136
0985_01,Spa,12
0987_01,Spa,150
0988_02,Spa,55
0990_01,Spa,4
0992_01,Spa,184
0992_02,Spa,9927
0992_03,Spa,21
0992_06,Spa,1748
0993_01,Spa,449
0994_02,Spa,11
0997_01,Spa,22
0998_01,Spa,253
1005_01,Spa,9
1011_01,Spa,6
1015_01,Spa,554
1017_01,Spa,1125
1019_01,Spa,1
1022_01,Spa,954
1024_01,Spa,1277
1024_03,Spa,594
1025_01,Spa,202
1027_02,Spa,38
1027_03,Spa,279
1031_01,Spa,8
1034_01,Spa,675
1038_01,Spa,499
1040_01,Spa,5
1043_01,Spa,960
1045_02,Spa,815
1048_01,Spa,3
1051_01,Spa,74
1058_01,Spa,53
1060_01,Spa,21
1063_01,Spa,295
1071_01,Spa,14
1077_01,Spa,283
1082_01,Spa,564
1083_03,Spa,852
1084_01,Spa,16
1086_04,Spa,641
1089_02,Spa,677
1093_01,Spa,192
1100_01,Spa,245
1100_03,Spa,1710
1102_01,Spa,1
1105_01,Spa,16
1108_01,Spa,246
1110_01,Spa,55
1110_02,Spa,3
1112_01,Spa,58
1121_01,Spa,743
1123_01,Spa,135
1129_01,Spa,787
1130_02,Spa,199
1140_01,Spa,3
1148_02,Spa,7368
1148_03,Spa,8
1148_04,Spa,118
1148_07,Spa,26
1156_01,Spa,3072
1161_01,Spa,43
1161_02,Spa,16139
1162_01,Spa,103
1165_01,Spa,32
1165_02,Spa,205
1166_01,Spa,1
1168_01,Spa,68
1180_01,Spa,4
1185_01,Spa,679
1187_01,Spa,4
1188_01,Spa,3026
1190_01,Spa,71
1192_01,Spa,187
1197_01,Spa,337
1203_01,Spa,703
1206_01,Spa,354
1208_01,Spa,30
1211_05,Spa,78
1212_01,Spa,560
1218_01,Spa,2143
1220_01,Spa,345
1221_02,Spa,1608
1222_01,Spa,131
1225_01,Spa,28
1229_01,Spa,33
1230_01,Spa,291
1232_02,Spa,4651
1235_01,Spa,27
1236_01,Spa,1
1238_01,Spa,831
1239_01,Spa,40
1242_01,Spa,115
1243_01,Spa,1374
1243_02,Spa,371
1246_01,Spa,565
1250_01,Spa,61
1254_02,Spa,229
1256_01,Spa,10
1258_01,Spa,1737
1261_01,Spa,50
1264_01,Spa,51
1273_01,Spa,759
1274_01,Spa,40
1283_01,Spa,714
1287_03,Spa,1
1292_01,Spa,202
1292_02,Spa,842
1295_01,Spa,719
1299_01,Spa,5
1300_01,Spa,380
1302_01,Spa,146
1306_01,Spa,1010
1308_02,Spa,8145
1308_03,Spa,3198
1310_01,Spa,4948
1316_02,Spa,4664
1330_01,Spa,458
1330_02,Spa,1
1332_01,Spa,203
1333_01,Spa,229
1337_01,Spa,610
1345_01,Spa,721
1347_01,Spa,1
1348_01,Spa,369
1350_02,Spa,460
1350_03,Spa,202
1352_01,Spa,660
1356_01,Spa,310
1362_01,Spa,119
1365_01,Spa,3656
1370_01,Spa,3
1377_01,Spa,42
1379_01,Spa,769
1380_01,Spa,2735
1384_01,Spa,260
1384_04,Spa,2
1391_02,Spa,16
1393_01,Spa,151
1393_02,Spa,298
1397_01,Spa,489
1399_01,Spa,560
1401_01,Spa,59
1404_01,Spa,78
1404_02,Spa,4170
1407_01,Spa,8
1407_02,Spa,401
1415_01,Spa,17
1417_01,Spa,1520
1421_01,Spa,26
1424_04,Spa,692
1425_01,Spa,59
1427_02,Spa,250
1428_01,Spa,460
1430_01,Spa,1
1434_01,Spa,133
1438_01,Spa,195
1439_01,Spa,760
1440_01,Spa,11
1444_01,Spa,1
1450_02,Spa,5467
1451_01,Spa,3208
1452_01,Spa,26
1452_03,Spa,51
1452_04,Spa,6255
1453_01,Spa,5
1454_01,Spa,4060
1455_02,Spa,16
1455_04,Spa,10
1455_05,Spa,16594
1457_01,Spa,4422
1458_01,Spa,323
1463_01,Spa,1
1467_01,Spa,61
1478_01,Spa,417
1489_01,Spa,813
1490_01,Spa,3998
1491_01,Spa,817
1491_02,Spa,2
1499_01,Spa,2
1501_01,Spa,594
1503_01,Spa,1
1506_01,Spa,9
1507_01,Spa,2
1507_02,Spa,419
1507_03,Spa,441
1511_01,Spa,284
1511_03,Spa,1966
1511_04,Spa,6431
1526_01,Spa,254
1528_01,Spa,2
1529_01,Spa,45
1531_01,Spa,277
1532_01,Spa,1
1539_01,Spa,21
1540_01,Spa,1440
1540_03,Spa,3718
1541_01,Spa,720
1542_01,Spa,20
1545_01,Spa,67
1547_01,Spa,32
1550_01,Spa,42
1555_01,Spa,2987
1562_01,Spa,102
1568_01,Spa,9
1572_02,Spa,723
1578_01,Spa,176
1579_01,Spa,1
1584_01,Spa,371
1588_02,Spa,724
1590_01,Spa,12
1590_02,Spa,33
1592_01,Spa,320
1593_01,Spa,732
1594_01,Spa,2
1601_01,Spa,747
1602_01,Spa,2681
1604_01,Spa,616
1606_01,Spa,1435
1608_01,Spa,2
1612_01,Spa,2
1614_01,Spa,35
1615_01,Spa,685
1617_01,Spa,515
1621_01,Spa,239
1625_02,Spa,2113
1630_03,Spa,732
1636_01,Spa,71
1638_01,Spa,307
1640_01,Spa,618
1647_01,Spa,3
1653_01,Spa,774
1657_01,Spa,109
1658_01,Spa,4
1660_01,Spa,905
1661_02,Spa,2136
1661_04,Spa,1306
1662_01,Spa,542
1668_01,Spa,101
1669_01,Spa,16
1670_01,Spa,2
1671_01,Spa,6704
1672_01,Spa,797
1673_01,Spa,1
1681_01,Spa,793
1690_01,Spa,5
1695_01,Spa,2
1696_01,Spa,15331
1697_01,Spa,773
1700_02,Spa,6200
1708_01,Spa,2
1709_04,Spa,8
1709_06,Spa,20
1709_07,Spa,102
1711_01,Spa,825
1712_01,Spa,21
1712_02,Spa,2421
1717_01,Spa,236
1723_01,Spa,135
1724_01,Spa,73
1727_02,Spa,359
1728_01,Spa,87
1729_01,Spa,568
1738_01,Spa,467
1745_01,Spa,221
1747_01,Spa,13
1748_01,Spa,2
1757_01,Spa,39
1758_01,Spa,318
1760_01,Spa,26
1761_01,Spa,49
1762_01,Spa,20
1762_02,Spa,174
1763_01,Spa,59
1767_02,Spa,6
1767_03,Spa,57
1768_01,Spa,732
1772_01,Spa,39
1782_02,Spa,73
1786_01,Spa,34
1792_01,Spa,1208
1798_01,Spa,376
1799_01,Spa,84
1802_01,Spa,787
1803_01,Spa,553
1807_01,Spa,140
1808_01,Spa,2
1810_01,Spa,51
1812_01,Spa,12
1816_01,Spa,360
1816_02,Spa,6
1817_01,Spa,77
1823_01,Spa,182
1826_01,Spa,2
1827_01,Spa,56
1828_01,Spa,624
1829_01,Spa,123
1829_02,Spa,2
1829_03,Spa,2204
1829_04,Spa,207
1833_01,Spa,4102
1836_01,Spa,1
1846_01,Spa,788
1849_01,Spa,1282
1850_02,Spa,735
1856_01,Spa,27
1857_01,Spa,52
1860_02,Spa,391
1864_01,Spa,4
1865_05,Spa,646
1871_01,Spa,172
1874_02,Spa,486
1877_01,Spa,806
1878_01,Spa,724
1879_01,Spa,19
1881_01,Spa,86
1886_01,Spa,611
1887_01,Spa,46
1888_01,Spa,728
1892_01,Spa,309
1892_02,Spa,363
1892_03,Spa,5037
1897_01,Spa,78
1897_02,Spa,1806
1902_01,Spa,1431
1907_01,Spa,126
1908_01,Spa,1095
1911_01,Spa,5
1915_01,Spa,37
1916_02,Spa,12
1918_03,Spa,1339
1923_01,Spa,4
1928_01,Spa,166
1938_01,Spa,110
1939_01,Spa,39
1940_01,Spa,3
1942_01,Spa,56
1946_01,Spa,731
1950_01,Spa,101
1952_01,Spa,8
1959_02,Spa,1
1959_03,Spa,393
1960_02,Spa,4
1961_01,Spa,6
1962_01,Spa,824
1963_01,Spa,1200
1964_01,Spa,375
1969_01,Spa,2448
1971_01,Spa,633
1975_01,Spa,10
1976_01,Spa,1
1976_04,Spa,3175
1979_01,Spa,62
1983_01,Spa,28
1984_01,Spa,91
1991_01,Spa,499
1991_02,Spa,12
1993_01,Spa,71
1994_01,Spa,537
1995_01,Spa,274
1996_01,Spa,631
1999_01,Spa,496
2001_01,Spa,59
2003_01,Spa,60
2007_01,Spa,5
2012_01,Spa,3725
2019_01,Spa,1080
2019_02,Spa,148
2022_01,Spa,86
2024_02,Spa,51
2029_01,Spa,1
2034_01,Spa,771
2042_01,Spa,785
2044_01,Spa,1
2054_01,Spa,1528
2056_02,Spa,712
2056_03,Spa,1739
2061_01,Spa,56
2067_02,Spa,668
2070_01,Spa,326
2071_01,Spa,3615
2071_02,Spa,283
2074_01,Spa,4996
2075_01,Spa,25
2080_01,Spa,52
2082_01,Spa,35
2083_01,Spa,68
2084_01,Spa,4759
2085_01,Spa,6202
2086_01,Spa,20
2086_02,Spa,152
2088_02,Spa,368
2091_01,Spa,245
2092_02,Spa,710
2092_03,Spa,1266
2092_05,Spa,256
2095_01,Spa,13
2096_01,Spa,594
2100_01,Spa,3
2102_01,Spa,2624
2106_01,Spa,4926
2107_01,Spa,650
2112_01,Spa,1415
2117_01,Spa,13036
2124_01,Spa,40
2125_01,Spa,80
2129_01,Spa,20
2130_01,Spa,10
2131_01,Spa,91
2133_01,Spa,85
2135_01,Spa,1545
2136_01,Spa,868
2143_01,Spa,1234
2148_01,Spa,1
2152_01,Spa,659
2154_01,Spa,550
2156_01,Spa,849
2158_01,Spa,45
2163_01,Spa,745
2171_01,Spa,409
2171_02,Spa,5577
2179_01,Spa,4488
2180_01,Spa,318
2182_01,Spa,995
2183_01,Spa,334
2183_02,Spa,12
2187_01,Spa,1149
2188_01,Spa,207
2189_01,Spa,628
2195_01,Spa,646
2196_01,Spa,4027
2196_02,Spa,102
2196_04,Spa,2677
2201_01,Spa,1051
2205_01,Spa,602
2209_01,Spa,13
2211_01,Spa,380
2212_01,Spa,2170
2215_01,Spa,1257
2215_02,Spa,6
2215_04,Spa,698
2223_01,Spa,252
2224_01,Spa,204
2229_01,Spa,26
2231_01,Spa,510
2232_01,Spa,1
2232_02,Spa,140
2233_01,Spa,2
2234_04,Spa,5
2237_01,Spa,3733
2243_01,Spa,47
2251_01,Spa,4996
2251_02,Spa,2
2253_01,Spa,8
2254_01,Spa,702
2257_01,Spa,80
2262_01,Spa,48
2263_01,Spa,772
2266_01,Spa,210
2267_01,Spa,81
2270_01,Spa,5
2273_01,Spa,10
2279_01,Spa,85
2284_01,Spa,4225
2287_01,Spa,219
2288_01,Spa,58
2289_01,Spa,20
2291_02,Spa,8
2295_02,Spa,360
2300_02,Spa,3028
2301_01,Spa,10
2301_02,Spa,1
2302_01,Spa,4463
2303_01,Spa,22
2306_03,Spa,676
2306_04,Spa,75
2306_06,Spa,24
2308_02,Spa,1249
2308_03,Spa,9124
2308_04,Spa,599
2310_03,Spa,4085
2311_01,Spa,66
2313_01,Spa,210
2317_01,Spa,454
2320_01,Spa,21
2327_01,Spa,892
2332_01,Spa,1589
2336_02,Spa,1452
2338_02,Spa,857
2347_06,Spa,605
2348_01,Spa,1418
2356_01,Spa,6
2357_01,Spa,215
2363_01,Spa,1
2364_01,Spa,864
2367_01,Spa,644
2373_01,Spa,7818
2375_01,Spa,94
2382_01,Spa,1324
2387_01,Spa,690
2389_01,Spa,676
2390_01,Spa,59
2391_01,Spa,1
2396_01,Spa,287
2403_01,Spa,877
2404_01,Spa,2650
2404_03,Spa,47
2414_01,Spa,3133
2417_01,Spa,836
2431_01,Spa,566
2444_01,Spa,448
2445_01,Spa,89
2452_01,Spa,161
2454_01,Spa,157
2466_01,Spa,897
2470_01,Spa,567
2470_02,Spa,543
2471_01,Spa,94
2475_01,Spa,3573
2496_01,Spa,660
2497_01,Spa,33
2498_01,Spa,808
2500_01,Spa,1064
2503_01,Spa,232
2505_01,Spa,481
2505_02,Spa,541
2506_01,Spa,11001
2506_03,Spa,381
2510_01,Spa,91
2512_01,Spa,2788
2513_01,Spa,656
2515_01,Spa,435
2516_01,Spa,211
2520_01,Spa,285
2530_01,Spa,1
2537_01,Spa,35
2541_01,Spa,1555
2542_01,Spa,117
2544_02,Spa,1899
2547_01,Spa,1402
2547_02,Spa,2835
2548_01,Spa,7
2549_01,Spa,2
2549_03,Spa,1
2551_01,Spa,2
2559_01,Spa,2549
2561_01,Spa,549
2564_01,Spa,89
2578_01,Spa,1409
2580_01,Spa,26
2582_01,Spa,641
2589_03,Spa,3508
2589_04,Spa,673
2591_01,Spa,201
2591_02,Spa,568
2592_01,Spa,58
2595_03,Spa,53
2596_01,Spa,1657
2606_02,Spa,73
2607_03,Spa,445
2622_01,Spa,55
2624_01,Spa,3
2627_01,Spa,454
2628_02,Spa,2085
2629_01,Spa,17
2635_01,Spa,72
2636_01,Spa,671
2638_01,Spa,759
2643_01,Spa,739
2645_01,Spa,3
2645_02,Spa,10860
2645_04,Spa,839
2646_01,Spa,712
2647_01,Spa,636
2648_01,Spa,6
2657_01,Spa,686
2658_01,Spa,132
2660_01,Spa,2
2661_01,Spa,750
2663_01,Spa,4
2668_01,Spa,2838
2668_02,Spa,87
2670_01,Spa,15
2671_01,Spa,56
2672_01,Spa,8
2676_01,Spa,90
2677_01,Spa,1367
2678_01,Spa,10
2682_01,Spa,8
2683_01,Spa,4
2684_01,Spa,13208
2687_01,Spa,43
2690_01,Spa,160
2691_01,Spa,559
2693_01,Spa,72
2693_02,Spa,210
2693_03,Spa,263
2695_01,Spa,4
2698_01,Spa,153
2707_01,Spa,194
2709_03,Spa,1622
2717_01,Spa,191
2720_01,Spa,30
2724_02,Spa,48
2725_01,Spa,272
2727_01,Spa,784
2730_02,Spa,1674
2737_01,Spa,281
2740_01,Spa,254
2741_01,Spa,2
2746_01,Spa,5
2750_01,Spa,179
2752_03,Spa,758
2754_01,Spa,74
2756_01,Spa,888
2759_01,Spa,14
2762_02,Spa,180
2764_01,Spa,166
2768_01,Spa,7
2770_01,Spa,96
2772_01,Spa,757
2773_01,Spa,92
2783_02,Spa,2864
2784_01,Spa,52
2786_01,Spa,195
2787_01,Spa,64
2790_02,Spa,1313
2790_03,Spa,674
2790_04,Spa,4689
2790_05,Spa,10
2795_01,Spa,3
2795_02,Spa,2622
2796_01,Spa,863
2798_01,Spa,54
2799_01,Spa,881
2801_01,Spa,13104
2805_01,Spa,268
2806_01,Spa,170
2807_01,Spa,22
2812_01,Spa,120
2818_03,Spa,2
2826_01,Spa,18
2826_02,Spa,3538
2831_01,Spa,495
2831_02,Spa,2085
2834_01,Spa,2205
2835_01,Spa,548
2837_01,Spa,3
2839_01,Spa,146
2852_01,Spa,461
2854_01,Spa,692
2857_01,Spa,40
2860_01,Spa,1053
2867_01,Spa,31
2867_02,Spa,38
2870_01,Spa,920
2872_01,Spa,30
2877_01,Spa,338
2887_01,Spa,62
2890_01,Spa,3
2894_01,Spa,244
2899_01,Spa,970
2901_01,Spa,300
2906_01,Spa,104
2908_02,Spa,124
2925_01,Spa,15
2926_01,Spa,107
2928_01,Spa,19
2930_01,Spa,857
2935_01,Spa,6841
2936_01,Spa,2
2940_01,Spa,7
2941_01,Spa,717
2942_01,Spa,30
2944_01,Spa,569
2948_01,Spa,577
2953_01,Spa,2
2958_01,Spa,107
2959_01,Spa,614
2961_01,Spa,724
2964_01,Spa,270
2965_01,Spa,258
2969_01,Spa,38
2971_01,Spa,26
2984_01,Spa,4114
2988_01,Spa,308
2992_01,Spa,160
2993_01,Spa,123
2996_01,Spa,4
2998_01,Spa,124
3001_01,Spa,425
3004_02,Spa,744
3010_01,Spa,7627
3012_01,Spa,6
3013_01,Spa,207
3014_01,Spa,347
3015_01,Spa,112
3018_01,Spa,639
3019_01,Spa,157
3020_01,Spa,5391
3021_01,Spa,60
3022_01,Spa,2
3022_02,Spa,3154
3024_01,Spa,187
3025_01,Spa,128
3025_02,Spa,607
3029_01,Spa,360
3030_01,Spa,48
3032_04,Spa,643
3036_01,Spa,178
3040_01,Spa,5
3047_02,Spa,48
3050_01,Spa,1
3053_01,Spa,10976
3054_01,Spa,306
3055_01,Spa,41
3061_01,Spa,65
3061_02,Spa,1745
3063_03,Spa,450
3065_01,Spa,356
3068_01,Spa,7
3071_02,Spa,21
3079_01,Spa,581
3080_01,Spa,822
3081_01,Spa,1784
3083_01,Spa,1497
3085_01,Spa,153
3090_01,Spa,820
3091_01,Spa,7860
3092_01,Spa,43
3093_01,Spa,121
3095_01,Spa,9
3103_01,Spa,1158
3110_01,Spa,195
3111_01,Spa,9
3114_01,Spa,26
3117_01,Spa,857
3119_01,Spa,277
3120_02,Spa,286
3126_01,Spa,232
3128_01,Spa,1104
3134_01,Spa,85
3138_01,Spa,678
3147_01,Spa,257
3158_01,Spa,2
3161_01,Spa,58
3163_01,Spa,295
3163_02,Spa,1
3168_01,Spa,4
3172_01,Spa,5
3174_01,Spa,3
3176_01,Spa,128
3181_01,Spa,241
3195_02,Spa,223
3195_03,Spa,31
3197_01,Spa,588
3204_01,Spa,227
3204_02,Spa,12
3204_03,Spa,8873
3206_01,Spa,573
3210_02,Spa,3583
3210_03,Spa,1287
3211_01,Spa,2645
3212_01,Spa,1225
3213_01,Spa,325
3216_03,Spa,36
3218_01,Spa,5
3218_02,Spa,517
3220_01,Spa,709
3224_01,Spa,102
3225_02,Spa,68
3227_01,Spa,397
3229_01,Spa,498
3236_03,Spa,756
3237_01,Spa,589
3237_03,Spa,117
3247_01,Spa,8
3253_01,Spa,46
3254_01,Spa,594
3259_01,Spa,1372
3260_01,Spa,699
3269_01,Spa,893
3270_01,Spa,6
3274_02,Spa,184
3274_03,Spa,733
3275_01,Spa,35
3276_01,Spa,121
3282_03,Spa,85
3283_01,Spa,753
3283_02,Spa,174
3283_03,Spa,646
3283_04,Spa,846
3287_03,Spa,625
3292_02,Spa,10385
3293_01,Spa,205
3295_01,Spa,866
3296_01,Spa,5
3298_01,Spa,127
3300_02,Spa,1147
3305_02,Spa,36
3308_01,Spa,125
3311_01,Spa,476
3312_01,Spa,3725
3314_01,Spa,139
3318_01,Spa,22
3319_01,Spa,15
3330_01,Spa,4
3332_01,Spa,298
3337_02,Spa,7740
3337_03,Spa,3653
3353_01,Spa,12062
3353_03,Spa,12
3353_04,Spa,265
3353_05,Spa,11
3353_06,Spa,880
3360_01,Spa,1371
3364_01,Spa,5
3371_01,Spa,898
3383_01,Spa,719
3384_01,Spa,602
3391_02,Spa,1026
3392_01,Spa,17
3397_01,Spa,100
3402_01,Spa,148
3403_01,Spa,10
3406_01,Spa,3668
3406_02,Spa,4125
3409_01,Spa,74
3412_01,Spa,7967
3412_03,Spa,23
3421_01,Spa,670
3424_01,Spa,799
3425_01,Spa,897
3428_02,Spa,2
3432_01,Spa,104
3433_01,Spa,6616
3437_01,Spa,2
3439_04,Spa,909
3441_01,Spa,198
3443_01,Spa,1
3444_01,Spa,15
3444_03,Spa,945
3445_01,Spa,21
3447_01,Spa,68
3450_01,Spa,2462
3450_02,Spa,414
3464_01,Spa,266
3465_01,Spa,159
3467_01,Spa,881
3473_01,Spa,25
3475_02,Spa,3
3475_03,Spa,149
3480_01,Spa,10
3485_01,Spa,166
3485_03,Spa,131
3487_01,Spa,1529
3488_02,Spa,1149
3489_01,Spa,944
3490_02,Spa,1756
3491_01,Spa,6
3492_01,Spa,96
3495_01,Spa,273
3495_02,Spa,2279
3499_01,Spa,12
3501_01,Spa,9
3527_01,Spa,1
3528_01,Spa,8
3531_01,Spa,733
3533_01,Spa,2
3534_01,Spa,106
3535_01,Spa,18
3539_01,Spa,27
3543_01,Spa,130
3552_01,Spa,2581
3553_01,Spa,327
3555_01,Spa,258
3558_01,Spa,2948
3559_01,Spa,812
3560_01,Spa,76
3562_01,Spa,139
3562_02,Spa,3778
3566_01,Spa,1
3567_01,Spa,35
3568_01,Spa,572
3570_01,Spa,5
3572_01,Spa,1679
3573_01,Spa,84
3577_01,Spa,7
3582_01,Spa,450
3586_01,Spa,739
3588_01,Spa,22
3592_01,Spa,15
3592_02,Spa,487
3597_01,Spa,12
3609_01,Spa,3340
3609_02,Spa,8
3614_01,Spa,2
3619_01,Spa,14
3622_02,Spa,1486
3628_01,Spa,498
3630_01,Spa,410
3631_01,Spa,484
3636_01,Spa,111
3639_01,Spa,1
3640_01,Spa,49
3642_01,Spa,72
3648_01,Spa,1144
3653_01,Spa,366
3654_02,Spa,467
3655_01,Spa,3003
3660_01,Spa,71
3662_01,Spa,1
3671_01,Spa,85
3674_01,Spa,218
3677_01,Spa,518
3680_01,Spa,1792
3681_02,Spa,1640
3686_01,Spa,330
3690_01,Spa,435
3691_01,Spa,359
3692_01,Spa,16
3699_02,Spa,241
3699_04,Spa,195
3705_01,Spa,207
3706_01,Spa,370
3706_02,Spa,1
3707_01,Spa,47
3714_01,Spa,138
3716_01,Spa,1
3732_02,Spa,2989
3732_04,Spa,173
3733_01,Spa,685
3735_01,Spa,3
3735_02,Spa,1924
3736_01,Spa,20
3737_01,Spa,250
3739_01,Spa,76
3743_01,Spa,55
3745_01,Spa,755
3747_01,Spa,234
3747_03,Spa,193
3750_01,Spa,3440
3751_01,Spa,35
3752_01,Spa,108
3753_01,Spa,63
3761_01,Spa,19
3769_01,Spa,4
3771_01,Spa,4494
3773_01,Spa,2
3774_03,Spa,9
3776_01,Spa,1433
3779_01,Spa,10
3781_01,Spa,27
3784_01,Spa,3981
3786_02,Spa,1465
3796_01,Spa,27
3801_01,Spa,36
3803_01,Spa,604
3811_02,Spa,15
3812_01,Spa,17
3815_01,Spa,724
3816_01,Spa,789
3822_01,Spa,104
3824_01,Spa,50
3826_01,Spa,1565
3830_01,Spa,393
3831_01,Spa,68
3832_01,Spa,5
3841_01,Spa,2
3847_01,Spa,15
3849_01,Spa,79
3850_01,Spa,54
3850_03,Spa,36
3850_06,Spa,97
3851_01,Spa,1589
3862_07,Spa,658
3868_05,Spa,40
3873_01,Spa,4
3874_02,Spa,845
3875_01,Spa,785
3879_01,Spa,595
3883_02,Spa,4
3896_01,Spa,2241
3903_05,Spa,3
3911_01,Spa,1046
3911_02,Spa,94
3912_01,Spa,20
3913_02,Spa,44
3916_01,Spa,578
3917_01,Spa,49
3919_01,Spa,65
3923_01,Spa,13
3924_01,Spa,263
3927_01,Spa,650
3927_02,Spa,1313
3928_01,Spa,1250
3930_01,Spa,1819
3931_01,Spa,481
3932_02,Spa,29
3937_01,Spa,7
3939_01,Spa,1
3944_01,Spa,607
3946_01,Spa,1203
3948_01,Spa,50
3949_01,Spa,4
3950_01,Spa,203
3952_01,Spa,544
3958_01,Spa,22
3971_01,Spa,7
3974_01,Spa,756
3976_01,Spa,58
3985_01,Spa,11
3986_01,Spa,4
3987_01,Spa,16
3988_01,Spa,7
3991_01,Spa,1
3992_01,Spa,1098
3995_02,Spa,1
3997_01,Spa,439
3998_01,Spa,2
4005_06,Spa,2
4009_01,Spa,1247
4013_01,Spa,315
4014_01,Spa,1193
4014_02,Spa,750
4018_01,Spa,20
4020_01,Spa,416
4022_01,Spa,512
4033_01,Spa,2456
4036_01,Spa,708
4039_01,Spa,49
4043_01,Spa,32
4044_01,Spa,118
4045_01,Spa,1348
4050_01,Spa,2067
4058_01,Spa,2
4060_01,Spa,2
4066_01,Spa,67
4068_01,Spa,148
4075_01,Spa,7561
4081_01,Spa,31
4083_01,Spa,7
4089_01,Spa,1097
4090_01,Spa,3
4093_01,Spa,14
4095_01,Spa,183
4096_01,Spa,3
4101_01,Spa,3
4107_01,Spa,5
4108_02,Spa,18
4109_01,Spa,97
4110_01,Spa,847
4113_02,Spa,166
4128_01,Spa,8
4129_01,Spa,3
4135_01,Spa,1493
4137_01,Spa,40
4144_01,Spa,5
4145_01,Spa,544
4147_01,Spa,3200
4149_01,Spa,2
4152_01,Spa,545
4158_01,Spa,211
4159_01,Spa,5
4160_01,Spa,46
4165_01,Spa,5
4166_02,Spa,122
4169_02,Spa,2
4172_02,Spa,2436
4173_01,Spa,658
4174_01,Spa,557
4175_01,Spa,20
4176_03,Spa,352
4176_04,Spa,855
4176_05,Spa,480
4176_07,Spa,87
4177_03,Spa,1675
4178_01,Spa,6
4179_01,Spa,91
4181_05,Spa,4840
4181_06,Spa,1022
4182_01,Spa,1817
4182_02,Spa,3975
4182_03,Spa,26
4188_01,Spa,240
4191_01,Spa,754
4197_01,Spa,17
4197_02,Spa,128
4199_01,Spa,1
4203_01,Spa,293
4205_01,Spa,58
4206_01,Spa,7
4208_01,Spa,2
4214_01,Spa,4280
4219_03,Spa,665
4220_01,Spa,1
4222_01,Spa,608
4222_02,Spa,732
4223_02,Spa,196
4230_01,Spa,820
4231_01,Spa,10
4232_01,Spa,173
4233_01,Spa,184
4239_01,Spa,580
4244_01,Spa,66
4246_01,Spa,3840
4249_01,Spa,101
4249_03,Spa,284
4251_01,Spa,698
4252_01,Spa,192
4254_01,Spa,3013
4254_03,Spa,3314
4256_01,Spa,768
4256_04,Spa,97
4256_05,Spa,671
4256_07,Spa,74
4257_01,Spa,2
4258_01,Spa,1254
4258_02,Spa,2882
4261_01,Spa,117
4262_02,Spa,270
4273_01,Spa,669
4274_01,Spa,8
4278_01,Spa,422
4292_01,Spa,1283
4297_01,Spa,604
4303_02,Spa,267
4305_01,Spa,3
4309_01,Spa,3
4316_01,Spa,1156
4319_01,Spa,589
4320_01,Spa,7
4324_03,Spa,775
4329_01,Spa,3
4333_01,Spa,2143
4336_01,Spa,843
4336_03,Spa,1301
4336_04,Spa,3131
4338_02,Spa,2740
4338_03,Spa,22
4345_01,Spa,562
4349_01,Spa,4
4352_01,Spa,4
4352_02,Spa,124
4357_01,Spa,206
4359_01,Spa,696
4359_02,Spa,425
4361_01,Spa,734
4365_01,Spa,4
4370_01,Spa,1494
4371_02,Spa,7
4371_04,Spa,812
4371_05,Spa,288
4387_01,Spa,18
4390_03,Spa,289
4391_01,Spa,393
4392_01,Spa,733
4395_01,Spa,681
4396_01,Spa,646
4403_01,Spa,6
4403_02,Spa,108
4404_01,Spa,121
4409_01,Spa,78
4410_01,Spa,725
4415_01,Spa,12
4422_02,Spa,1366
4424_01,Spa,3565
4427_01,Spa,805
4427_02,Spa,209
4428_01,Spa,795
4429_01,Spa,513
4431_01,Spa,10
4441_03,Spa,1
4445_01,Spa,560
4446_01,Spa,3094
4446_02,Spa,7113
4446_04,Spa,180
4449_01,Spa,31
4450_02,Spa,6
4450_04,Spa,31
4453_01,Spa,134
4457_01,Spa,2
4465_02,Spa,1353
4465_03,Spa,1
4466_01,Spa,51
4469_02,Spa,4643
4472_01,Spa,59
4473_02,Spa,1
4475_01,Spa,161
4476_01,Spa,187
4479_01,Spa,13
4483_01,Spa,239
4483_02,Spa,2
4485_02,Spa,740
4487_01,Spa,802
4490_01,Spa,92
4491_01,Spa,16
4493_01,Spa,407
4498_07,Spa,69
4500_01,Spa,504
4505_01,Spa,39
4505_02,Spa,201
4508_01,Spa,19
4508_02,Spa,14
4509_02,Spa,8
4516_01,Spa,194
4517_01,Spa,19
4518_01,Spa,292
4522_01,Spa,137
4524_01,Spa,2
4529_01,Spa,117
4530_01,Spa,525
4534_01,Spa,1
4535_02,Spa,44
4538_01,Spa,748
4543_01,Spa,1777
4549_01,Spa,17
4552_01,Spa,36
4553_01,Spa,278
4555_01,Spa,694
4558_01,Spa,15238
4561_01,Spa,1940
4567_01,Spa,359
4569_02,Spa,4098
4572_01,Spa,765
4573_01,Spa,7
4575_01,Spa,475
4576_01,Spa,3
4581_01,Spa,209
4581_02,Spa,204
4585_01,Spa,5492
4586_01,Spa,1
4587_01,Spa,1635
4593_01,Spa,10
4594_01,Spa,3001
4594_02,Spa,625
4594_03,Spa,54
4594_04,Spa,6167
4602_01,Spa,725
4603_01,Spa,19
4603_02,Spa,277
4604_01,Spa,81
4605_01,Spa,774
4606_01,Spa,3044
4606_02,Spa,6075
4607_01,Spa,412
4608_01,Spa,1026
4610_01,Spa,1014
4612_01,Spa,1
4617_01,Spa,768
4623_01,Spa,7
4624_01,Spa,36
4625_01,Spa,1
4625_03,Spa,51
4625_06,Spa,1331
4628_01,Spa,14
4632_03,Spa,10941
4632_04,Spa,2144
4632_05,Spa,5270
4633_01,Spa,2
4638_01,Spa,1742
4641_01,Spa,713
4642_01,Spa,4030
4644_01,Spa,250
4645_01,Spa,1
4646_01,Spa,177
4648_01,Spa,266
4650_01,Spa,1251
4651_01,Spa,902
4652_01,Spa,34
4653_01,Spa,380
4658_01,Spa,1821
4661_01,Spa,117
4661_05,Spa,3434
4662_03,Spa,1
4664_01,Spa,33
4673_01,Spa,121
4676_01,Spa,65
4677_01,Spa,544
4678_01,Spa,110
4679_01,Spa,1006
4684_01,Spa,107
4689_01,Spa,1404
4690_02,Spa,1
4691_01,Spa,749
4693_01,Spa,2052
4694_01,Spa,71
4704_01,Spa,2956
4708_01,Spa,11
4710_02,Spa,131
4713_01,Spa,39
4720_01,Spa,131
4723_02,Spa,213
4726_01,Spa,1777
4726_02,Spa,4
4726_03,Spa,1271
4726_05,Spa,56
4730_01,Spa,40
4733_01,Spa,105
4738_01,Spa,200
4738_02,Spa,1831
4739_01,Spa,305
4743_01,Spa,13
4744_01,Spa,3
4748_01,Spa,38
4750_01,Spa,14
4750_02,Spa,1795
4754_01,Spa,2
4757_01,Spa,1810
4759_01,Spa,693
4763_01,Spa,5
4770_01,Spa,8
4774_03,Spa,1
4778_01,Spa,228
4780_01,Spa,123
4782_02,Spa,2998
4782_03,Spa,3873
4782_05,Spa,10887
4783_01,Spa,1318
4787_01,Spa,9
4788_01,Spa,778
4791_01,Spa,253
4793_01,Spa,1439
4793_02,Spa,161
4794_01,Spa,599
4795_01,Spa,18
4804_01,Spa,493
4807_01,Spa,864
4810_01,Spa,321
4817_01,Spa,394
4823_01,Spa,258
4830_01,Spa,19
4837_01,Spa,19
4841_02,Spa,1381
4841_03,Spa,1966
4842_01,Spa,106
4846_01,Spa,624
4847_01,Spa,18
4848_01,Spa,619
4850_01,Spa,103
4850_02,Spa,2
4851_01,Spa,172
4853_01,Spa,157
4856_01,Spa,4
4863_01,Spa,28
4864_01,Spa,734
4866_01,Spa,142
4868_01,Spa,13
4875_01,Spa,21
4876_01,Spa,368
4878_01,Spa,861
4879_01,Spa,12
4880_01,Spa,1305
4882_01,Spa,20
4886_01,Spa,1284
4887_01,Spa,405
4889_01,Spa,19
4892_01,Spa,42
4897_01,Spa,2121
4898_01,Spa,71
4899_02,Spa,5
4900_01,Spa,672
4901_01,Spa,2
4903_01,Spa,1
4904_01,Spa,788
4909_01,Spa,1
4910_01,Spa,2711
4911_01,Spa,702
4913_01,Spa,1
4917_01,Spa,1679
4925_01,Spa,7
4932_01,Spa,14
4933_03,Spa,304
4934_01,Spa,1027
4937_01,Spa,22
4941_01,Spa,2
4944_01,Spa,2
4944_02,Spa,737
4944_03,Spa,334
4951_01,Spa,38
4954_01,Spa,50
4958_01,Spa,474
4961_01,Spa,5
4964_01,Spa,59
4974_01,Spa,9319
4980_01,Spa,882
4983_01,Spa,445
4987_01,Spa,588
4989_01,Spa,786
4991_01,Spa,200
4992_01,Spa,29
5005_01,Spa,49
5006_03,Spa,5
5014_01,Spa,484
5015_01,Spa,6691
5019_01,Spa,352
5021_01,Spa,251
5023_01,Spa,474
5025_01,Spa,9
5027_01,Spa,51
5028_01,Spa,89
5039_01,Spa,1386
5039_03,Spa,131
5039_04,Spa,2
5040_01,Spa,1373
5040_02,Spa,6216
5042_01,Spa,419
5050_01,Spa,86
5051_01,Spa,103
5052_02,Spa,3
5058_02,Spa,659
5060_03,Spa,20
5061_02,Spa,56
5064_01,Spa,3025
5065_02,Spa,2011
5067_01,Spa,344
5069_01,Spa,1
5070_01,Spa,5
5074_01,Spa,382
5076_01,Spa,1
5080_01,Spa,558
5084_02,Spa,7352
5085_01,Spa,95
5088_01,Spa,1600
5089_01,Spa,1483
5091_01,Spa,1109
5093_01,Spa,3
5104_01,Spa,16
5109_01,Spa,654
5111_01,Spa,763
5111_02,Spa,712
5111_03,Spa,1984
5124_01,Spa,340
5125_01,Spa,738
5127_02,Spa,1893
5128_01,Spa,21
5133_04,Spa,48
5133_05,Spa,10
5136_01,Spa,704
5138_01,Spa,322
5142_02,Spa,939
5146_01,Spa,38
5148_01,Spa,20
5152_01,Spa,2787
5156_02,Spa,1
5160_01,Spa,156
5166_01,Spa,22
5167_01,Spa,1069
5170_01,Spa,9
5171_01,Spa,190
5174_02,Spa,6235
5175_01,Spa,148
5182_02,Spa,3
5185_01,Spa,4
5186_01,Spa,29
5187_01,Spa,5
5188_01,Spa,611
5193_01,Spa,2433
5197_01,Spa,22
5201_01,Spa,54
5205_01,Spa,107
5206_02,Spa,283
5206_03,Spa,554
5208_02,Spa,1559
5209_01,Spa,166
5213_01,Spa,5
5218_01,Spa,525
5221_01,Spa,153
5223_01,Spa,24
5224_01,Spa,564
5229_01,Spa,971
5230_01,Spa,44
5234_01,Spa,117
5235_01,Spa,267
5243_01,Spa,1
5244_01,Spa,770
5246_02,Spa,47
5248_01,Spa,227
5249_01,Spa,91
5251_01,Spa,13
5253_01,Spa,35
5256_01,Spa,572
5257_01,Spa,2393
5258_01,Spa,2290
5266_01,Spa,1866
5269_01,Spa,1
5271_01,Spa,258
5273_01,Spa,1
5274_01,Spa,79
5275_01,Spa,594
5276_01,Spa,5
5277_01,Spa,87
5287_01,Spa,214
5291_01,Spa,4
5292_01,Spa,175
5304_01,Spa,8
5305_01,Spa,6
5310_01,Spa,190
5313_01,Spa,61
5315_01,Spa,324
5320_02,Spa,94
5325_01,Spa,1
5330_01,Spa,101
5337_01,Spa,12
5340_01,Spa,677
5343_01,Spa,367
5344_01,Spa,434
5345_02,Spa,1450
5346_01,Spa,696
5347_01,Spa,287
5350_01,Spa,3198
5355_01,Spa,101
5356_01,Spa,4517
5359_01,Spa,14
5361_01,Spa,150
5367_02,Spa,102
5367_03,Spa,1010
5368_01,Spa,2288
5372_01,Spa,7
5374_01,Spa,2
5378_01,Spa,1202
5379_01,Spa,3409
5380_01,Spa,6
5383_01,Spa,3
5384_01,Spa,1332
5384_02,Spa,62
5385_01,Spa,136
5387_01,Spa,158
5390_03,Spa,690
5392_01,Spa,136
5401_01,Spa,30
5406_01,Spa,483
5408_01,Spa,580
5410_01,Spa,458
5411_01,Spa,280
5412_01,Spa,2
5413_01,Spa,9
5416_02,Spa,952
5418_01,Spa,1
5420_01,Spa,1
5421_01,Spa,3369
5423_02,Spa,62
5424_01,Spa,676
5424_02,Spa,1
5427_03,Spa,170
5435_01,Spa,280
5436_01,Spa,2
5437_01,Spa,3
5440_02,Spa,639
5445_01,Spa,3
5453_01,Spa,1114
5455_01,Spa,130
5457_01,Spa,739
5458_01,Spa,7
5459_01,Spa,1545
5462_01,Spa,214
5465_01,Spa,372
5465_02,Spa,1580
5466_02,Spa,5700
5466_04,Spa,324
5466_05,Spa,243
5472_01,Spa,11
5476_01,Spa,2
5477_01,Spa,570
5478_01,Spa,1245
5480_01,Spa,904
5485_01,Spa,14
5488_03,Spa,5047
5490_01,Spa,1478
5491_01,Spa,285
5492_01,Spa,720
5494_01,Spa,161
5500_01,Spa,83
5501_01,Spa,76
5508_01,Spa,620
5511_02,Spa,20
5512_01,Spa,301
5512_02,Spa,699
5514_03,Spa,814
5521_01,Spa,676
5522_01,Spa,635
5522_02,Spa,703
5524_01,Spa,15
5526_01,Spa,145
5529_01,Spa,1
5530_01,Spa,115
5535_01,Spa,43
5537_01,Spa,762
5539_01,Spa,232
5545_01,Spa,3
5546_01,Spa,2244
5552_03,Spa,1412
5555_01,Spa,7
5556_01,Spa,897
5561_02,Spa,214
5561_03,Spa,352
5561_04,Spa,443
5566_01,Spa,704
5568_01,Spa,289
5574_01,Spa,587
5582_01,Spa,348
5583_01,Spa,601
5586_01,Spa,746
5589_01,Spa,11
5594_01,Spa,1168
5595_01,Spa,870
5596_01,Spa,103
5598_01,Spa,2
5599_01,Spa,295
5602_02,Spa,436
5603_01,Spa,3926
5606_02,Spa,104
5610_02,Spa,4549
5611_02,Spa,1
5613_01,Spa,180
5616_01,Spa,239
5625_03,Spa,1250
5643_01,Spa,1
5647_03,Spa,2851
5648_01,Spa,5
5648_02,Spa,240
5650_01,Spa,1453
5655_01,Spa,3
5661_01,Spa,3
5662_02,Spa,679
5663_01,Spa,63
5667_01,Spa,3867
5674_01,Spa,10247
5684_03,Spa,278
5686_02,Spa,9
5689_01,Spa,1054
5692_01,Spa,664
5693_01,Spa,84
5698_01,Spa,247
5707_01,Spa,29
5709_01,Spa,4103
5711_01,Spa,692
5713_01,Spa,434
5717_01,Spa,144
5721_02,Spa,7
5722_01,Spa,176
5725_01,Spa,489
5727_01,Spa,711
5728_01,Spa,77
5732_01,Spa,2
5733_01,Spa,5
5733_02,Spa,1191
5737_01,Spa,39
5737_02,Spa,353
5740_01,Spa,144
5740_02,Spa,547
5744_01,Spa,9
5746_01,Spa,5381
5748_01,Spa,1
5751_01,Spa,552
5756_03,Spa,716
5756_07,Spa,342
5756_08,Spa,1912
5757_01,Spa,558
5763_01,Spa,1
5763_02,Spa,838
5764_01,Spa,8
5765_01,Spa,570
5771_01,Spa,4
5772_01,Spa,1358
5776_01,Spa,4
5777_01,Spa,22
5780_01,Spa,23
5781_01,Spa,1
5783_01,Spa,223
5786_01,Spa,1720
5788_01,Spa,1
5790_01,Spa,2587
5791_01,Spa,182
5792_01,Spa,6344
5794_01,Spa,1472
5796_01,Spa,113
5806_01,Spa,129
5808_02,Spa,359
5808_03,Spa,7
5809_01,Spa,425
5810_02,Spa,6
5811_02,Spa,2108
5814_04,Spa,5
5814_06,Spa,1
5821_01,Spa,317
5825_01,Spa,580
5827_01,Spa,920
5834_01,Spa,325
5846_01,Spa,9
5847_01,Spa,1415
5852_01,Spa,727
5857_01,Spa,139
5858_01,Spa,304
5859_01,Spa,912
5860_01,Spa,1206
5861_01,Spa,17
5863_02,Spa,318
5867_01,Spa,1501
5868_01,Spa,436
5875_01,Spa,769
5885_02,Spa,507
5885_03,Spa,20
5885_04,Spa,888
5885_06,Spa,93
5886_01,Spa,1497
5887_01,Spa,61
5889_01,Spa,2368
5902_01,Spa,28
5903_01,Spa,514
5905_01,Spa,1
5906_01,Spa,347
5913_01,Spa,1
5916_01,Spa,204
5919_01,Spa,5
5920_01,Spa,308
5921_02,Spa,62
5924_01,Spa,74
5925_02,Spa,96
5925_03,Spa,241
5927_01,Spa,725
5927_02,Spa,4810
5927_04,Spa,5474
5927_06,Spa,899
5927_07,Spa,274
5928_01,Spa,21
5930_02,Spa,2463
5931_01,Spa,1854
5933_01,Spa,59
5945_03,Spa,593
5950_01,Spa,64
5955_01,Spa,31
5956_01,Spa,1658
5957_03,Spa,1482
5959_01,Spa,61
5960_01,Spa,1
5960_02,Spa,7
5963_01,Spa,2
5968_01,Spa,49
5972_01,Spa,591
5973_01,Spa,401
5977_04,Spa,4423
5980_01,Spa,2
5981_01,Spa,471
5984_01,Spa,38
5988_01,Spa,12
5989_01,Spa,703
5991_01,Spa,224
5994_01,Spa,967
6000_01,Spa,613
6003_01,Spa,482
6006_01,Spa,601
6011_01,Spa,1989
6016_01,Spa,302
6016_02,Spa,806
6019_01,Spa,36
6022_01,Spa,14
6025_01,Spa,1
6027_01,Spa,1
6028_01,Spa,304
6028_02,Spa,1
6028_04,Spa,1043
6028_05,Spa,29
6030_04,Spa,703
6032_02,Spa,70
6033_01,Spa,752
6034_01,Spa,10
6035_01,Spa,1
6036_01,Spa,514
6036_02,Spa,179
6036_03,Spa,778
6038_01,Spa,1
6043_01,Spa,1
6045_01,Spa,8126
6047_01,Spa,57
6055_01,Spa,3104
6055_03,Spa,8810
6061_01,Spa,167
6064_01,Spa,22408
6066_01,Spa,1612
6066_02,Spa,1481
6067_01,Spa,44
6069_01,Spa,236
6070_01,Spa,23
6071_01,Spa,42
6076_01,Spa,610
6086_01,Spa,183
6087_01,Spa,1
6091_02,Spa,13
6092_01,Spa,33
6096_03,Spa,4
6098_01,Spa,2725
6101_01,Spa,673
6102_01,Spa,280
6105_01,Spa,1120
6107_01,Spa,63
6108_01,Spa,1
6111_02,Spa,4588
6111_05,Spa,773
6115_01,Spa,764
6116_01,Spa,6
6117_01,Spa,33
6118_01,Spa,305
6121_01,Spa,2
6121_02,Spa,1677
6127_01,Spa,462
6130_01,Spa,197
6136_01,Spa,213
6138_01,Spa,31
6139_03,Spa,803
6141_01,Spa,14
6141_02,Spa,662
6143_01,Spa,362
6145_01,Spa,105
6150_01,Spa,11
6152_02,Spa,2963
6155_01,Spa,625
6156_01,Spa,888
6157_01,Spa,659
6162_01,Spa,575
6163_01,Spa,429
6169_01,Spa,90
6171_01,Spa,297
6174_01,Spa,1
6175_01,Spa,31
6175_03,Spa,873
6181_01,Spa,2799
6199_02,Spa,24
6200_01,Spa,657
6200_02,Spa,3
6200_03,Spa,1179
6201_01,Spa,130
6205_01,Spa,1849
6206_01,Spa,660
6207_01,Spa,370
6213_01,Spa,311
6215_01,Spa,2043
6215_02,Spa,3282
6218_02,Spa,87
6220_01,Spa,113
6223_01,Spa,235
6225_01,Spa,32
6228_01,Spa,62
6230_01,Spa,594
6234_01,Spa,4
6236_01,Spa,300
6239_01,Spa,1
6245_01,Spa,5
6252_01,Spa,312
6253_01,Spa,1082
6262_02,Spa,2287
6263_02,Spa,9
6265_01,Spa,39
6266_01,Spa,2
6270_01,Spa,679
6273_01,Spa,292
6273_02,Spa,519
6279_01,Spa,424
6282_01,Spa,465
6283_02,Spa,6
6285_02,Spa,7
6289_01,Spa,508
6292_01,Spa,48
6301_01,Spa,537
6302_01,Spa,11
6304_01,Spa,201
6305_02,Spa,15
6308_01,Spa,30
6313_01,Spa,1964
6313_02,Spa,10
6315_01,Spa,6
6316_01,Spa,673
6321_02,Spa,1956
6323_01,Spa,4368
6323_02,Spa,34
6324_03,Spa,10
6325_02,Spa,143
6326_01,Spa,696
6334_05,Spa,287
6334_06,Spa,479
6335_01,Spa,1382
6340_01,Spa,7
6340_02,Spa,4
6341_01,Spa,5
6346_02,Spa,379
6348_01,Spa,1885
6351_01,Spa,1
6356_01,Spa,729
6361_01,Spa,246
6365_01,Spa,1
6368_01,Spa,329
6369_01,Spa,7
6372_01,Spa,10
6372_02,Spa,328
6372_03,Spa,415
6380_01,Spa,20
6385_01,Spa,16
6394_04,Spa,4560
6400_01,Spa,109
6402_04,Spa,1
6405_01,Spa,42
6408_01,Spa,10
6409_01,Spa,14
6413_01,Spa,85
6414_01,Spa,3
6421_02,Spa,5568
6422_01,Spa,297
6422_04,Spa,1
6424_01,Spa,508
6432_01,Spa,2575
6433_01,Spa,60
6436_01,Spa,231
6437_01,Spa,528
6442_01,Spa,1806
6443_01,Spa,56
6443_06,Spa,1380
6448_01,Spa,343
6449_02,Spa,1795
6450_01,Spa,259
6451_01,Spa,148
6455_01,Spa,1877
6456_01,Spa,58
6461_01,Spa,115
6462_02,Spa,13
6463_01,Spa,1530
6464_01,Spa,596
6470_01,Spa,160
6477_01,Spa,3452
6477_02,Spa,4236
6478_01,Spa,1
6480_01,Spa,407
6482_01,Spa,352
6485_01,Spa,288
6485_02,Spa,652
6487_01,Spa,22
6488_01,Spa,1855
6490_02,Spa,4921
6490_03,Spa,149
6490_04,Spa,108
6494_01,Spa,4287
6500_01,Spa,1
6501_01,Spa,77
6508_01,Spa,182
6512_03,Spa,2929
6514_01,Spa,3603
6514_02,Spa,10912
6517_01,Spa,439
6520_01,Spa,1785
6522_01,Spa,2
6525_01,Spa,80
6530_01,Spa,118
6539_01,Spa,266
6540_01,Spa,8
6544_01,Spa,2008
6545_01,Spa,1267
6546_01,Spa,15
6549_01,Spa,112
6552_01,Spa,158
6557_01,Spa,1308
6558_01,Spa,747
6560_01,Spa,2
6561_01,Spa,6324
6562_01,Spa,30
6563_01,Spa,4
6563_02,Spa,1
6565_02,Spa,11
6570_01,Spa,908
6572_01,Spa,304
6574_01,Spa,818
6580_01,Spa,179
6582_01,Spa,530
6583_01,Spa,6
6583_02,Spa,1170
6585_02,Spa,2
6588_01,Spa,202
6590_02,Spa,2
6601_01,Spa,52
6602_01,Spa,94
6611_03,Spa,2
6616_01,Spa,59
6622_01,Spa,14
6624_01,Spa,642
6628_01,Spa,394
6630_01,Spa,2
6631_01,Spa,2167
6635_01,Spa,244
6635_02,Spa,414
6647_01,Spa,26
6652_01,Spa,424
6660_01,Spa,3
6663_01,Spa,373
6663_02,Spa,43
6668_02,Spa,1548
6669_01,Spa,291
6674_01,Spa,1733
6674_05,Spa,1525
6680_01,Spa,34
6684_01,Spa,8522
6684_02,Spa,143
6684_03,Spa,2395
6693_01,Spa,274
6708_03,Spa,7
6718_01,Spa,528
6722_02,Spa,1847
6725_01,Spa,5015
6726_01,Spa,37
6729_01,Spa,1701
6729_03,Spa,109
6730_01,Spa,49
6734_01,Spa,671
6736_01,Spa,920
6741_01,Spa,455
6741_02,Spa,1611
6748_04,Spa,45
6750_01,Spa,1
6754_01,Spa,2
6756_01,Spa,726
6756_02,Spa,4
6763_01,Spa,26
6764_02,Spa,102
6776_01,Spa,691
6779_01,Spa,1
6782_01,Spa,72
6784_01,Spa,8
6786_01,Spa,1052
6787_03,Spa,13
6788_01,Spa,71
6792_01,Spa,30
6794_01,Spa,36
6796_01,Spa,182
6801_01,Spa,97
6802_01,Spa,12
6805_01,Spa,700
6808_01,Spa,38
6813_01,Spa,217
6817_01,Spa,178
6820_01,Spa,1490
6824_01,Spa,444
6825_02,Spa,2
6826_01,Spa,1600
6827_01,Spa,2618
6833_01,Spa,716
6839_01,Spa,2
6853_01,Spa,4094
6858_03,Spa,310
6865_01,Spa,4232
6866_01,Spa,14
6866_02,Spa,13117
6868_01,Spa,2134
6869_01,Spa,3
6873_01,Spa,104
6880_01,Spa,1
6887_01,Spa,5
6892_01,Spa,1
6895_01,Spa,2585
6903_01,Spa,1483
6905_02,Spa,938
6906_02,Spa,11
6908_01,Spa,854
6910_01,Spa,580
6912_01,Spa,2814
6920_01,Spa,5
6921_01,Spa,100
6921_04,Spa,928
6921_06,Spa,8330
6925_01,Spa,1
6928_01,Spa,557
6932_01,Spa,112
6934_01,Spa,36
6934_02,Spa,446
6939_01,Spa,661
6946_01,Spa,672
6947_02,Spa,797
6949_01,Spa,19
6954_01,Spa,87
6954_02,Spa,134
6957_01,Spa,34
6962_01,Spa,804
6963_01,Spa,4
6966_01,Spa,80
6967_01,Spa,5697
6971_05,Spa,33
6971_06,Spa,1538
6972_01,Spa,43
6978_01,Spa,4
6980_01,Spa,769
6984_03,Spa,641
6988_01,Spa,93
6988_02,Spa,186
6990_01,Spa,649
6991_01,Spa,3587
6994_02,Spa,580
6996_01,Spa,79
6997_02,Spa,10
6998_01,Spa,136
6999_01,Spa,142
7004_01,Spa,297
7007_01,Spa,485
7007_02,Spa,726
7008_01,Spa,9
7010_01,Spa,88
7014_01,Spa,24
7022_01,Spa,8
7022_02,Spa,2
7026_01,Spa,36
7029_01,Spa,120
7032_01,Spa,133
7034_01,Spa,43
7037_01,Spa,2503
7044_01,Spa,1042
7051_01,Spa,1
7053_01,Spa,1125
7056_01,Spa,3409
7057_01,Spa,781
7060_01,Spa,1
7061_01,Spa,35
7062_01,Spa,720
7069_01,Spa,663
7072_01,Spa,102
7074_02,Spa,797
7078_01,Spa,423
7079_01,Spa,37
7082_01,Spa,717
7086_01,Spa,168
7088_01,Spa,125
7089_01,Spa,174
7092_01,Spa,1
7094_01,Spa,19
7097_01,Spa,5
7097_02,Spa,219
7097_03,Spa,417
7097_04,Spa,2349
7104_01,Spa,8293
7104_02,Spa,3
7105_01,Spa,20
7109_01,Spa,13016
7111_01,Spa,280
7113_02,Spa,492
7119_01,Spa,1019
7126_01,Spa,683
7127_01,Spa,1368
7128_01,Spa,9206
7128_02,Spa,153
7128_03,Spa,131
7133_01,Spa,335
7143_01,Spa,2
7148_01,Spa,1442
7151_01,Spa,670
7155_01,Spa,669
7161_01,Spa,1537
7162_01,Spa,50
7166_01,Spa,2032
7167_01,Spa,1743
7176_02,Spa,662
7176_03,Spa,27
7177_01,Spa,669
7179_01,Spa,95
7180_01,Spa,453
7186_02,Spa,662
7186_03,Spa,72
7188_02,Spa,5248
7193_01,Spa,638
7194_01,Spa,177
7200_01,Spa,1
7202_01,Spa,316
7206_01,Spa,1
7214_01,Spa,41
7216_01,Spa,1
7217_01,Spa,226
7219_04,Spa,795
7219_06,Spa,6953
7221_01,Spa,2038
7225_01,Spa,1488
7226_01,Spa,21
7229_01,Spa,664
7232_01,Spa,2775
7235_01,Spa,89
7238_01,Spa,1181
7240_02,Spa,1
7249_01,Spa,1
7253_01,Spa,690
7256_01,Spa,38
7268_01,Spa,27
7271_01,Spa,161
7273_01,Spa,94
7274_01,Spa,19
7276_01,Spa,52
7284_01,Spa,74
7289_01,Spa,641
7290_04,Spa,2160
7290_05,Spa,1400
7292_01,Spa,1
7296_01,Spa,254
7298_01,Spa,29
7303_01,Spa,38
7307_01,Spa,678
7310_01,Spa,117
7320_01,Spa,16
7324_01,Spa,249
7326_01,Spa,63
7327_01,Spa,3
7328_01,Spa,506
7330_01,Spa,129
7332_01,Spa,2
7334_01,Spa,1
7336_01,Spa,1
7337_01,Spa,1823
7339_01,Spa,15586
7340_01,Spa,484
7342_01,Spa,1
7343_01,Spa,95
7353_01,Spa,5458
7353_03,Spa,128
7358_01,Spa,61
7359_01,Spa,75
7365_01,Spa,16
7366_01,Spa,68
7367_01,Spa,4
7372_01,Spa,1695
7385_01,Spa,572
7387_01,Spa,12
7390_01,Spa,586
7393_01,Spa,7
7395_03,Spa,3682
7396_01,Spa,987
7398_01,Spa,377
7402_01,Spa,27
7411_01,Spa,5
7416_01,Spa,5287
7419_01,Spa,6
7422_01,Spa,4
7425_02,Spa,10
7428_01,Spa,1915
7429_01,Spa,34
7431_01,Spa,170
7438_01,Spa,409
7447_01,Spa,814
7448_01,Spa,294
7449_01,Spa,932
7452_02,Spa,213
7455_01,Spa,758
7457_01,Spa,16
7459_01,Spa,1249
7460_01,Spa,309
7477_01,Spa,663
7483_01,Spa,160
7485_01,Spa,2287
7486_01,Spa,1234
7487_01,Spa,8
7488_01,Spa,355
7495_01,Spa,9
7496_01,Spa,2
7498_01,Spa,201
7501_01,Spa,484
7503_02,Spa,1014
7504_01,Spa,690
7505_01,Spa,4212
7509_01,Spa,3
7510_01,Spa,150
7513_01,Spa,2
7514_01,Spa,2059
7517_01,Spa,635
7518_02,Spa,13902
7523_01,Spa,167
7525_01,Spa,2809
7527_01,Spa,13
7534_01,Spa,1
7535_01,Spa,480
7538_02,Spa,1229
7544_01,Spa,669
7549_01,Spa,2
7552_01,Spa,43
7561_01,Spa,66
7565_01,Spa,50
7565_03,Spa,125
7569_02,Spa,1367
7576_01,Spa,49
7577_01,Spa,1323
7579_01,Spa,613
7583_01,Spa,9
7584_03,Spa,19
7585_02,Spa,3560
7585_03,Spa,18
7586_01,Spa,7
7592_01,Spa,1586
7599_01,Spa,225
7601_01,Spa,241
7609_01,Spa,1503
7620_01,Spa,38
7622_01,Spa,584
7623_01,Spa,798
7625_01,Spa,2
7627_01,Spa,519
7630_01,Spa,1
7631_01,Spa,505
7632_01,Spa,1
7633_01,Spa,847
7641_01,Spa,2
7643_01,Spa,2723
7646_01,Spa,189
7646_02,Spa,62
7646_03,Spa,5
7647_01,Spa,639
7650_04,Spa,83
7669_01,Spa,37
7671_01,Spa,700
7676_01,Spa,1
7678_01,Spa,77
7680_01,Spa,7786
7684_01,Spa,1
7687_01,Spa,1
7689_01,Spa,597
7692_01,Spa,3204
7693_01,Spa,68
7694_01,Spa,25
7696_02,Spa,40
7698_01,Spa,2
7700_01,Spa,2
7705_01,Spa,12
7707_01,Spa,318
7708_01,Spa,11
7709_01,Spa,42
7710_01,Spa,118
7711_01,Spa,1624
7714_01,Spa,24
7715_01,Spa,347
7717_01,Spa,563
7720_01,Spa,46
7721_01,Spa,5
7724_01,Spa,15
7727_01,Spa,436
7728_01,Spa,40
7736_01,Spa,5
7743_01,Spa,777
7744_01,Spa,617
7748_01,Spa,279
7748_02,Spa,1012
7752_01,Spa,746
7754_01,Spa,542
7757_02,Spa,153
7761_01,Spa,237
7763_01,Spa,506
7764_01,Spa,2
7768_01,Spa,127
7769_01,Spa,142
7770_01,Spa,290
7771_01,Spa,18
7775_01,Spa,4
7776_01,Spa,5491
7780_01,Spa,9
7782_01,Spa,8493
7782_02,Spa,778
7786_01,Spa,45
7788_01,Spa,538
7789_01,Spa,304
7790_02,Spa,198
7801_01,Spa,1
7802_01,Spa,201
7810_01,Spa,1
7813_01,Spa,740
7824_01,Spa,993
7830_03,Spa,17
7833_01,Spa,2445
7833_02,Spa,1013
7834_01,Spa,19
7840_01,Spa,24
7841_01,Spa,5250
7841_02,Spa,242
7842_01,Spa,61
7852_01,Spa,981
7853_02,Spa,835
7856_01,Spa,156
7858_01,Spa,25
7858_02,Spa,863
7866_01,Spa,4344
7868_01,Spa,1
7872_02,Spa,1714
7872_03,Spa,196
7873_01,Spa,12
7873_02,Spa,25
7877_01,Spa,19
7879_01,Spa,11
7881_01,Spa,4
7886_01,Spa,8
7890_01,Spa,109
7891_02,Spa,824
7894_01,Spa,88
7895_01,Spa,464
7899_02,Spa,785
7902_04,Spa,7
7903_01,Spa,173
7905_01,Spa,2263
7905_03,Spa,178
7914_02,Spa,344
7926_01,Spa,365
7929_01,Spa,1654
7935_01,Spa,811
7937_01,Spa,2326
7939_01,Spa,259
7940_01,Spa,6
7941_01,Spa,9181
7943_02,Spa,98
7944_01,Spa,4732
7949_01,Spa,2330
7952_01,Spa,1211
7952_02,Spa,520
7955_01,Spa,104
7960_01,Spa,689
7962_01,Spa,25
7970_01,Spa,506
7972_02,Spa,42
7974_01,Spa,2423
7974_02,Spa,948
7981_01,Spa,509
7981_02,Spa,25
7994_01,Spa,388
7996_01,Spa,17
8005_01,Spa,548
8007_01,Spa,886
8007_02,Spa,1492
8010_01,Spa,98
8015_02,Spa,5432
8016_01,Spa,595
8018_01,Spa,1268
8023_01,Spa,199
8024_01,Spa,2
8029_01,Spa,57
8036_01,Spa,16
8037_01,Spa,177
8043_01,Spa,79
8043_02,Spa,408
8043_03,Spa,148
8049_01,Spa,782
8050_01,Spa,275
8052_02,Spa,1
8054_01,Spa,1425
8055_01,Spa,59
8056_01,Spa,87
8056_02,Spa,111
8058_01,Spa,432
8060_01,Spa,1
8063_01,Spa,11
8067_01,Spa,9
8068_01,Spa,110
8072_02,Spa,180
8076_01,Spa,1
8076_02,Spa,2854
8078_01,Spa,1931
8081_01,Spa,1
8084_01,Spa,6688
8087_01,Spa,394
8088_02,Spa,1677
8092_01,Spa,2075
8092_03,Spa,433
8098_01,Spa,190
8098_02,Spa,633
8098_04,Spa,3
8102_01,Spa,2441
8103_01,Spa,122
8105_01,Spa,570
8107_01,Spa,78
8112_01,Spa,7
8116_01,Spa,2
8117_02,Spa,4928
8119_02,Spa,24
8119_03,Spa,301
8122_01,Spa,5481
8122_02,Spa,442
8122_03,Spa,3803
8129_05,Spa,6
8133_01,Spa,867
8136_02,Spa,4794
8137_01,Spa,588
8144_02,Spa,1529
8147_01,Spa,3528
8147_03,Spa,356
8148_01,Spa,44
8150_03,Spa,561
8156_01,Spa,244
8157_02,Spa,229
8157_03,Spa,1910
8159_01,Spa,622
8162_01,Spa,889
8165_01,Spa,718
8168_01,Spa,6
8168_02,Spa,1
8168_04,Spa,20
8171_01,Spa,154
8173_01,Spa,521
8176_01,Spa,181
8177_01,Spa,2
8191_01,Spa,751
8192_01,Spa,900
8194_01,Spa,30
8197_01,Spa,118
8202_04,Spa,421
8203_01,Spa,6
8204_01,Spa,73
8204_02,Spa,171
8210_01,Spa,495
8212_01,Spa,12
8219_01,Spa,1773
8220_01,Spa,136
8222_01,Spa,645
8227_01,Spa,12
8231_02,Spa,208
8232_01,Spa,123
8235_01,Spa,1149
8237_01,Spa,267
8239_01,Spa,1
8242_01,Spa,8
8243_01,Spa,795
8244_01,Spa,9
8247_01,Spa,686
8252_01,Spa,465
8255_01,Spa,875
8259_01,Spa,324
8260_01,Spa,629
8267_01,Spa,946
8268_02,Spa,918
8273_01,Spa,369
8279_01,Spa,56
8280_01,Spa,22
8281_01,Spa,453
8288_02,Spa,1
8297_01,Spa,22
8300_01,Spa,1866
8301_01,Spa,87
8303_01,Spa,497
8314_01,Spa,31
8314_02,Spa,2
8316_01,Spa,1
8317_01,Spa,37
8318_03,Spa,731
8322_01,Spa,4864
8323_01,Spa,48
8330_01,Spa,4
8333_01,Spa,2274
8338_02,Spa,829
8339_01,Spa,1831
8339_02,Spa,1098
8342_01,Spa,408
8342_03,Spa,1294
8344_02,Spa,372
8345_01,Spa,16
8363_01,Spa,642
8363_02,Spa,1030
8369_02,Spa,4
8371_01,Spa,115
8377_01,Spa,1
8378_01,Spa,2810
8381_01,Spa,788
8382_01,Spa,2750
8384_01,Spa,1535
8386_01,Spa,2256
8393_01,Spa,245
8394_01,Spa,5577
8395_01,Spa,2148
8410_01,Spa,112
8414_01,Spa,22
8416_01,Spa,2
8418_02,Spa,206
8420_01,Spa,58
8431_02,Spa,564
8433_01,Spa,2
8437_01,Spa,334
8442_01,Spa,33
8447_01,Spa,14
8449_01,Spa,9655
8449_02,Spa,44
8452_04,Spa,1669
8454_01,Spa,396
8457_01,Spa,332
8458_01,Spa,665
8458_06,Spa,5
8460_01,Spa,677
8463_01,Spa,37
8466_01,Spa,687
8470_01,Spa,3220
8471_01,Spa,1873
8474_01,Spa,33
8475_01,Spa,110
8475_02,Spa,4952
8476_01,Spa,297
8477_01,Spa,1711
8479_01,Spa,716
8480_01,Spa,1443
8480_02,Spa,34
8487_01,Spa,88
8491_01,Spa,8
8492_01,Spa,667
8495_01,Spa,1254
8502_01,Spa,473
8503_01,Spa,1770
8504_01,Spa,2
8506_01,Spa,195
8514_01,Spa,154
8516_01,Spa,327
8522_01,Spa,4
8523_01,Spa,140
8528_01,Spa,839
8530_01,Spa,23
8544_01,Spa,419
8545_01,Spa,717
8548_01,Spa,183
8551_01,Spa,630
8552_02,Spa,2183
8556_01,Spa,18572
8556_02,Spa,266
8559_01,Spa,951
8569_01,Spa,70
8572_01,Spa,140
8574_02,Spa,1
8580_01,Spa,17
8584_01,Spa,21
8586_01,Spa,256
8587_01,Spa,312
8589_01,Spa,1273
8592_01,Spa,4199
8594_01,Spa,1
8598_03,Spa,103
8602_02,Spa,2519
8604_01,Spa,2205
8605_01,Spa,2279
8605_04,Spa,436
8606_02,Spa,1154
8606_03,Spa,551
8607_01,Spa,71
8609_01,Spa,994
8615_01,Spa,712
8616_01,Spa,830
8619_01,Spa,3441
8626_01,Spa,15
8633_01,Spa,553
8634_01,Spa,83
8637_02,Spa,141
8639_02,Spa,2354
8643_01,Spa,848
8645_01,Spa,318
8646_02,Spa,3030
8646_04,Spa,5775
8656_01,Spa,1663
8656_02,Spa,1841
8657_01,Spa,65
8658_01,Spa,226
8661_01,Spa,1587
8668_02,Spa,1008
8671_01,Spa,265
8672_01,Spa,267
8674_01,Spa,2
8683_01,Spa,21
8684_01,Spa,226
8687_01,Spa,95
8688_01,Spa,595
8701_01,Spa,1460
8709_01,Spa,277
8714_01,Spa,104
8716_01,Spa,2
8719_01,Spa,3
8719_02,Spa,949
8720_01,Spa,36
8722_02,Spa,87
8723_01,Spa,52
8728_01,Spa,15
8728_02,Spa,87
8729_01,Spa,1180
8729_02,Spa,4925
8732_01,Spa,165
8734_01,Spa,1
8736_02,Spa,976
8741_02,Spa,245
8741_03,Spa,1043
8743_01,Spa,280
8751_01,Spa,4
8753_01,Spa,545
8753_02,Spa,732
8753_03,Spa,69
8754_01,Spa,6
8759_02,Spa,1130
8769_01,Spa,11
8770_03,Spa,328
8770_04,Spa,1028
8770_05,Spa,5
8771_01,Spa,3
8772_02,Spa,3939
8773_01,Spa,8
8776_01,Spa,6
8779_01,Spa,634
8780_01,Spa,726
8781_01,Spa,623
8787_01,Spa,843
8789_02,Spa,35
8790_01,Spa,146
8796_07,Spa,41
8797_01,Spa,588
8799_01,Spa,11
8801_01,Spa,83
8805_01,Spa,107
8807_01,Spa,617
8808_01,Spa,204
8809_01,Spa,2019
8813_01,Spa,7
8815_01,Spa,335
8816_05,Spa,4111
8817_01,Spa,30
8819_01,Spa,8
8822_01,Spa,492
8824_01,Spa,132
8826_01,Spa,4016
8826_02,Spa,4502
8826_03,Spa,1572
8827_01,Spa,88
8830_01,Spa,464
8842_01,Spa,112
8843_01,Spa,2760
8844_01,Spa,1
8845_01,Spa,41
8853_01,Spa,17
8860_04,Spa,22
8861_01,Spa,500
8862_01,Spa,112
8862_02,Spa,207
8865_01,Spa,307
8868_01,Spa,56
8871_01,Spa,379
8876_01,Spa,427
8884_01,Spa,5
8885_01,Spa,125
8890_01,Spa,1606
8891_01,Spa,3
8892_01,Spa,318
8900_01,Spa,15
8902_01,Spa,5
8904_01,Spa,324
8910_01,Spa,782
8918_01,Spa,755
8919_01,Spa,3657
8920_01,Spa,41
8926_01,Spa,80
8930_01,Spa,13
8932_01,Spa,912
8941_01,Spa,614
8941_02,Spa,62
8942_01,Spa,466
8945_01,Spa,957
8945_02,Spa,2
8948_01,Spa,52
8948_02,Spa,36
8956_01,Spa,6
8956_04,Spa,629
8956_06,Spa,404
8956_07,Spa,224
8961_04,Spa,593
8964_01,Spa,1
8970_01,Spa,5025
8975_02,Spa,20
8977_01,Spa,119
8986_01,Spa,788
8986_02,Spa,620
8988_05,Spa,80
8988_07,Spa,67
8989_01,Spa,356
8989_04,Spa,1465
8993_01,Spa,588
8996_01,Spa,525
8997_02,Spa,147
8998_02,Spa,967
8999_01,Spa,2
9001_01,Spa,39
9008_01,Spa,102
9011_01,Spa,64
9013_01,Spa,3
9013_02,Spa,722
9018_01,Spa,299
9019_01,Spa,320
9020_01,Spa,391
9023_01,Spa,618
9028_01,Spa,217
9029_01,Spa,135
9030_02,Spa,298
9034_03,Spa,13995
9034_04,Spa,668
9034_05,Spa,1432
9042_01,Spa,471
9046_02,Spa,2234
9052_01,Spa,559
9052_02,Spa,45
9057_01,Spa,3786
9059_01,Spa,184
9060_01,Spa,135
9061_01,Spa,148
9064_01,Spa,11
9068_01,Spa,2718
9069_04,Spa,568
9069_05,Spa,3
9071_01,Spa,46
9072_02,Spa,162
9072_03,Spa,232
9073_01,Spa,1376
9074_02,Spa,59
9080_01,Spa,711
9081_02,Spa,208
9081_05,Spa,4
9084_01,Spa,19
9085_01,Spa,1972
9085_02,Spa,2049
9094_02,Spa,2
9099_01,Spa,440
9101_01,Spa,430
9103_01,Spa,259
9106_01,Spa,5
9108_02,Spa,786
9110_01,Spa,3
9116_01,Spa,1
9118_01,Spa,5
9120_01,Spa,780
9124_01,Spa,80
9128_01,Spa,228
9129_01,Spa,808
9131_01,Spa,226
9132_02,Spa,10
9134_01,Spa,363
9136_01,Spa,800
9139_01,Spa,1239
9149_02,Spa,3761
9150_01,Spa,9
9157_05,Spa,54
9160_01,Spa,38
9164_01,Spa,11
9167_01,Spa,684
9168_01,Spa,1159
9169_01,Spa,11
9174_01,Spa,177
9175_01,Spa,168
9176_01,Spa,5
9179_02,Spa,5
9180_01,Spa,1446
9181_01,Spa,7
9183_01,Spa,62
9190_01,Spa,1
9194_01,Spa,13
9196_01,Spa,269
9196_02,Spa,698
9196_03,Spa,654
9197_02,Spa,3238
9197_03,Spa,616
9202_01,Spa,29
9208_02,Spa,2
9211_01,Spa,360
9213_01,Spa,795
9217_01,Spa,6
9224_01,Spa,4
9225_01,Spa,660
9230_01,Spa,2868
9234_01,Spa,1107
9239_01,Spa,128
9248_01,Spa,207
9250_01,Spa,28
9257_01,Spa,24
9259_01,Spa,11
9272_02,Spa,208
9275_02,Spa,50
9275_03,Spa,2
9276_01,Spa,1643
9279_01,Spa,1
9280_01,Spa,353
